-- phpMyAdmin SQL Dump
-- version 5.0.4
-- https://www.phpmyadmin.net/
--
-- Host: 127.0.0.1
-- Generation Time: Jun 24, 2021 at 10:05 PM
-- Server version: 10.4.17-MariaDB
-- PHP Version: 8.0.0

SET SQL_MODE = "NO_AUTO_VALUE_ON_ZERO";
START TRANSACTION;
SET time_zone = "+00:00";


/*!40101 SET @OLD_CHARACTER_SET_CLIENT=@@CHARACTER_SET_CLIENT */;
/*!40101 SET @OLD_CHARACTER_SET_RESULTS=@@CHARACTER_SET_RESULTS */;
/*!40101 SET @OLD_COLLATION_CONNECTION=@@COLLATION_CONNECTION */;
/*!40101 SET NAMES utf8mb4 */;

--
-- Database: `kosan`
--

-- --------------------------------------------------------

--
-- Table structure for table `agenda`
--

CREATE TABLE `agenda` (
  `id_agenda` int(5) NOT NULL,
  `tema` varchar(100) COLLATE latin1_general_ci NOT NULL,
  `tema_seo` varchar(100) COLLATE latin1_general_ci NOT NULL,
  `isi_agenda` text COLLATE latin1_general_ci NOT NULL,
  `tempat` varchar(100) COLLATE latin1_general_ci NOT NULL,
  `pengirim` varchar(100) COLLATE latin1_general_ci NOT NULL,
  `gambar` varchar(100) COLLATE latin1_general_ci NOT NULL,
  `tgl_mulai` date NOT NULL,
  `tgl_selesai` date NOT NULL,
  `tgl_posting` date NOT NULL,
  `jam` varchar(50) COLLATE latin1_general_ci NOT NULL,
  `dibaca` int(5) NOT NULL DEFAULT 1,
  `username` varchar(50) COLLATE latin1_general_ci NOT NULL
) ENGINE=MyISAM DEFAULT CHARSET=latin1 COLLATE=latin1_general_ci;

-- --------------------------------------------------------

--
-- Table structure for table `album`
--

CREATE TABLE `album` (
  `id_album` int(5) NOT NULL,
  `jdl_album` varchar(100) COLLATE latin1_general_ci NOT NULL,
  `album_seo` varchar(100) COLLATE latin1_general_ci NOT NULL,
  `keterangan` text COLLATE latin1_general_ci NOT NULL,
  `gbr_album` varchar(100) COLLATE latin1_general_ci NOT NULL,
  `aktif` enum('Y','N') COLLATE latin1_general_ci NOT NULL DEFAULT 'Y',
  `hits_album` int(5) NOT NULL DEFAULT 1,
  `tgl_posting` date NOT NULL,
  `jam` time NOT NULL,
  `hari` varchar(20) COLLATE latin1_general_ci NOT NULL,
  `username` varchar(50) COLLATE latin1_general_ci NOT NULL
) ENGINE=MyISAM DEFAULT CHARSET=latin1 COLLATE=latin1_general_ci;

--
-- Dumping data for table `album`
--

INSERT INTO `album` (`id_album`, `jdl_album`, `album_seo`, `keterangan`, `gbr_album`, `aktif`, `hits_album`, `tgl_posting`, `jam`, `hari`, `username`) VALUES
(51, 'Jalan-jalan bersama pemenang quiz online swarakalibata', 'jalanjalan-bersama-pemenang-quiz-online-swarakalibata', '<p>Israel pekan-pekan belakangan ini meningkatkan ancaman-ancamannya untuk menghancurkan fasilitas-fasilitas nuklir Iran guna mencegah Teheran mampu memproduksi senjata-senjata atom. Iran yang terkena sanksi-sanksi Barat membantah tuduhan itu dan menegaskan bahwa program nuklirnya hanya untuk tujuan damai. Militernya memperingatkan akan menghancurkan Israel jika diserang.</p>\r\n', 'quiz.jpg', 'Y', 0, '2018-04-21', '22:55:11', 'Sabtu', 'admin');

-- --------------------------------------------------------

--
-- Table structure for table `background`
--

CREATE TABLE `background` (
  `id_background` int(5) NOT NULL,
  `gambar` varchar(255) NOT NULL
) ENGINE=MyISAM DEFAULT CHARSET=latin1;

--
-- Dumping data for table `background`
--

INSERT INTO `background` (`id_background`, `gambar`) VALUES
(1, 'pink');

-- --------------------------------------------------------

--
-- Table structure for table `banner`
--

CREATE TABLE `banner` (
  `id_banner` int(5) NOT NULL,
  `judul` varchar(100) COLLATE latin1_general_ci NOT NULL,
  `url` varchar(100) COLLATE latin1_general_ci NOT NULL,
  `gambar` varchar(100) COLLATE latin1_general_ci NOT NULL,
  `tgl_posting` date NOT NULL
) ENGINE=MyISAM DEFAULT CHARSET=latin1 COLLATE=latin1_general_ci;

--
-- Dumping data for table `banner`
--

INSERT INTO `banner` (`id_banner`, `judul`, `url`, `gambar`, `tgl_posting`) VALUES
(19, 'Private Training Web Development', 'https://phpmu.com', '', '2017-05-21');

-- --------------------------------------------------------

--
-- Table structure for table `berita`
--

CREATE TABLE `berita` (
  `id_berita` int(5) NOT NULL,
  `id_kategori` int(5) NOT NULL,
  `username` varchar(30) COLLATE latin1_general_ci NOT NULL,
  `judul` varchar(100) CHARACTER SET utf8 COLLATE utf8_unicode_ci NOT NULL,
  `sub_judul` varchar(255) CHARACTER SET utf8 COLLATE utf8_unicode_ci NOT NULL,
  `youtube` varchar(100) COLLATE latin1_general_ci NOT NULL,
  `judul_seo` text CHARACTER SET utf8 COLLATE utf8_unicode_ci NOT NULL,
  `headline` enum('Y','N') COLLATE latin1_general_ci NOT NULL DEFAULT 'Y',
  `aktif` enum('Y','N') COLLATE latin1_general_ci NOT NULL DEFAULT 'N',
  `utama` enum('Y','N') COLLATE latin1_general_ci NOT NULL DEFAULT 'Y',
  `isi_berita` longtext CHARACTER SET utf8 COLLATE utf8_unicode_ci NOT NULL,
  `keterangan_gambar` text COLLATE latin1_general_ci NOT NULL,
  `hari` varchar(20) COLLATE latin1_general_ci NOT NULL,
  `tanggal` date NOT NULL,
  `jam` time NOT NULL,
  `gambar` varchar(100) COLLATE latin1_general_ci NOT NULL,
  `dibaca` int(5) NOT NULL DEFAULT 1,
  `tag` varchar(100) COLLATE latin1_general_ci NOT NULL,
  `status` enum('Y','N') COLLATE latin1_general_ci NOT NULL DEFAULT 'Y'
) ENGINE=MyISAM DEFAULT CHARSET=latin1 COLLATE=latin1_general_ci;

-- --------------------------------------------------------

--
-- Table structure for table `download`
--

CREATE TABLE `download` (
  `id_download` int(5) NOT NULL,
  `judul` varchar(100) COLLATE latin1_general_ci NOT NULL,
  `nama_file` varchar(100) COLLATE latin1_general_ci NOT NULL,
  `tgl_posting` date NOT NULL,
  `hits` int(3) NOT NULL
) ENGINE=MyISAM DEFAULT CHARSET=latin1 COLLATE=latin1_general_ci;

-- --------------------------------------------------------

--
-- Table structure for table `gallery`
--

CREATE TABLE `gallery` (
  `id_gallery` int(5) NOT NULL,
  `id_album` int(5) NOT NULL,
  `username` varchar(50) COLLATE latin1_general_ci NOT NULL,
  `jdl_gallery` varchar(100) COLLATE latin1_general_ci NOT NULL,
  `gallery_seo` varchar(100) COLLATE latin1_general_ci NOT NULL,
  `keterangan` text COLLATE latin1_general_ci NOT NULL,
  `gbr_gallery` varchar(100) COLLATE latin1_general_ci NOT NULL
) ENGINE=MyISAM DEFAULT CHARSET=latin1 COLLATE=latin1_general_ci;

--
-- Dumping data for table `gallery`
--

INSERT INTO `gallery` (`id_gallery`, `id_album`, `username`, `jdl_gallery`, `gallery_seo`, `keterangan`, `gbr_gallery`) VALUES
(254, 1, 'admin', 'Screenshot 1 ', 'screenshot-1-', 'Screenshot 1 Screenshot 1 Screenshot 1 Screenshot 1 Screenshot 1 Screenshot 1 Screenshot 1 Screenshot 1 Screenshot 1 Screenshot 1 Screenshot 1 Screenshot 1 Screenshot 1 Screenshot 1 Screenshot 1 Screenshot 1 Screenshot 1 Screenshot 1 Screenshot 1 Screenshot 1 Screenshot 1 Screenshot 1 Screenshot 1 Screenshot 1 Screenshot 1 Screenshot 1 Screenshot 1 Screenshot 1 Screenshot 1 Screenshot 1 Screenshot 1 Screenshot 1 Screenshot 1 Screenshot 1 Screenshot 1 Screenshot 1 Screenshot 1 ', '');

-- --------------------------------------------------------

--
-- Table structure for table `halamanstatis`
--

CREATE TABLE `halamanstatis` (
  `id_halaman` int(5) NOT NULL,
  `judul` varchar(100) NOT NULL,
  `judul_seo` varchar(100) NOT NULL,
  `isi_halaman` text NOT NULL,
  `tgl_posting` date NOT NULL,
  `gambar` varchar(100) NOT NULL,
  `username` varchar(50) CHARACTER SET latin1 COLLATE latin1_general_ci NOT NULL,
  `dibaca` int(5) NOT NULL DEFAULT 1,
  `jam` time NOT NULL,
  `hari` varchar(20) CHARACTER SET latin1 COLLATE latin1_general_ci NOT NULL
) ENGINE=MyISAM DEFAULT CHARSET=latin1;

--
-- Dumping data for table `halamanstatis`
--

INSERT INTO `halamanstatis` (`id_halaman`, `judul`, `judul_seo`, `isi_halaman`, `tgl_posting`, `gambar`, `username`, `dibaca`, `jam`, `hari`) VALUES
(46, 'Tentang Kami Tunggul News', 'tentang-kami-tunggul-news', '<p style=\"text-align:justify\"><span style=\"font-family:Georgia,serif\"><span style=\"font-size:12.0pt\">Sistem Informasi Sewa Kost (SISKOST) yang akan di bangun ini sangat membantu bagi mahasiswa maupun yang lainnya dalam mencari tempat kost karena mereka tidak perlu menghabiskan waktu untuk mendatangi tempat kost satu persatu demi mencari informasi mengenai tempat kost. Selain itu juga Sistem Informasi ini juga membantu para pemilik kost untuk media promosi yang efektif tanpa perlu mencetak browser serta dapat mempermudah penyebaran informasi .&nbsp; Serta memudahkan dan mempercepat proses transaksi dalam penyewaan Kost-an.</span></span></p>\r\n\r\n<p style=\"text-align:justify\"><span style=\"font-family:Georgia,serif\"><span style=\"font-size:12.0pt\">&nbsp;&nbsp;&nbsp;&nbsp;&nbsp;&nbsp; Tujuan yang ingin dicapai dalam Sistem Informasi Sewa Kost ini yaitu:</span></span></p>\r\n\r\n<ul>\r\n	<li style=\"text-align:justify\"><span style=\"font-family:Georgia,serif\"><span style=\"font-size:12.0pt\">Dengan adanya SISKOST pencarian rumah kost akan lebih efektif dan efisien.</span></span></li>\r\n	<li style=\"text-align:justify\"><span style=\"font-family:Georgia,serif\"><span style=\"font-size:12.0pt\">Pemilik kost lebih mudah mempromosikan rumah kostnya dan menjadi peluang agar rumah kost dapat ditemukan dan dihuni oleh pencari kost</span></span></li>\r\n	<li style=\"text-align:justify\"><span style=\"font-family:Georgia,serif\"><span style=\"font-size:12.0pt\">Website SISKOST ini menawarkan informasi yang up to date, detail dan lengkap baik dari segi informasi harga, fasilitas dan lokasi lingkungan yang berada di sekitarnya.</span></span></li>\r\n	<li style=\"text-align:justify\"><span style=\"font-family:Georgia,serif\"><span style=\"font-size:12.0pt\">Memudahkan dan mempercepat proses transaksi dalam penyewaan Kost-an.</span></span></li>\r\n</ul>\r\n', '2014-04-07', 'siskost2.png', 'admin', 65, '13:10:57', 'Senin');

-- --------------------------------------------------------

--
-- Table structure for table `header`
--

CREATE TABLE `header` (
  `id_header` int(5) NOT NULL,
  `judul` varchar(100) COLLATE latin1_general_ci NOT NULL,
  `url` varchar(100) COLLATE latin1_general_ci NOT NULL,
  `gambar` varchar(100) COLLATE latin1_general_ci NOT NULL,
  `tgl_posting` date NOT NULL
) ENGINE=MyISAM DEFAULT CHARSET=latin1 COLLATE=latin1_general_ci;

--
-- Dumping data for table `header`
--

INSERT INTO `header` (`id_header`, `judul`, `url`, `gambar`, `tgl_posting`) VALUES
(31, 'Header3', '', 'header3.jpg', '2011-04-06'),
(32, 'Header2', '', 'header1.jpg', '2011-04-06'),
(33, 'Header1', '', 'header2.jpg', '2011-04-06');

-- --------------------------------------------------------

--
-- Table structure for table `hubungi`
--

CREATE TABLE `hubungi` (
  `id_hubungi` int(5) NOT NULL,
  `nama` varchar(50) COLLATE latin1_general_ci NOT NULL,
  `email` varchar(100) COLLATE latin1_general_ci NOT NULL,
  `subjek` varchar(100) COLLATE latin1_general_ci NOT NULL,
  `pesan` text COLLATE latin1_general_ci NOT NULL,
  `tanggal` date NOT NULL,
  `jam` time NOT NULL,
  `dibaca` enum('Y','N') COLLATE latin1_general_ci NOT NULL DEFAULT 'N',
  `lampiran` varchar(255) COLLATE latin1_general_ci NOT NULL
) ENGINE=MyISAM DEFAULT CHARSET=latin1 COLLATE=latin1_general_ci;

--
-- Dumping data for table `hubungi`
--

INSERT INTO `hubungi` (`id_hubungi`, `nama`, `email`, `subjek`, `pesan`, `tanggal`, `jam`, `dibaca`, `lampiran`) VALUES
(39, 'Robby Prihandaya', 'robby.prihandaya@gmail.com', '::1', 'Kami memiliki komitmen untuk memberikan layanan terbaik kepad Anda dan selalu berusaha untuk menyediakan layanan terbaik yang Anda butuhkan. Apabila Anda merasa tidak puas dengan pelayanan kami, Anda dapat menyampaikan kritik dan saran Anda kepada kami. Kami akan menidaklanjuti masukan yang Anda berikan dan bila perlu mengambil tindakan untuk mencegah masalah yang sama terulang kembali.', '2017-01-23', '21:56:12', 'Y', ''),
(38, 'Udin Sedunia', 'udin.sedunia@gmail.com', 'Ip Pengirim : 120.177.28.244', 'Silahkan menghubungi kami melalui private message melalui form yang berada pada bagian kanan halaman ini. Kritik dan saran Anda sangat penting bagi kami untuk terus meningkatkan layanan yang kami berikan kepada Anda.', '2015-06-02', '00:00:00', 'Y', '');

-- --------------------------------------------------------

--
-- Table structure for table `identitas`
--

CREATE TABLE `identitas` (
  `id_identitas` int(5) NOT NULL,
  `nama_website` varchar(100) NOT NULL,
  `email` varchar(100) NOT NULL,
  `url` varchar(100) CHARACTER SET latin1 COLLATE latin1_general_ci NOT NULL,
  `facebook` text CHARACTER SET latin1 COLLATE latin1_general_ci NOT NULL,
  `rekening` varchar(100) NOT NULL,
  `no_telp` varchar(20) CHARACTER SET latin1 COLLATE latin1_general_ci NOT NULL,
  `meta_deskripsi` varchar(250) NOT NULL,
  `meta_keyword` varchar(250) NOT NULL,
  `favicon` varchar(50) NOT NULL,
  `maps` text NOT NULL
) ENGINE=MyISAM DEFAULT CHARSET=latin1;

--
-- Dumping data for table `identitas`
--

INSERT INTO `identitas` (`id_identitas`, `nama_website`, `email`, `url`, `facebook`, `rekening`, `no_telp`, `meta_deskripsi`, `meta_keyword`, `favicon`, `maps`) VALUES
(1, 'SISKOST', 'siskost@gmail.com', 'http://localhost/siskost', 'https://www.facebook.com/robbyprihandaya, https://twitter.com/robbyprihandaya, https://plus.google.com/106633506064864167239, https://id.linkedin.com/', '3511887071', '082331331444', 'penyewaan kost subang ', 'Selamat datang di SISKOST', 'siskost.png', 'https://www.google.com/maps/embed?pb=!1m14!1m8!1m3!1d3989.3358607198243!2d100.35483479999999!3d-0.8910373999999999!3m2!1i1024!2i768!4f13.1!3m3!1m2!1s0x2fd4b8aa1a4e0441%3A0x3f81ebb48d31a38b!2sTunggul+Hitam%2C+Padang+Utara%2C+Kota+Padang%2C+Sumatera+Barat+25173!5e0!3m2!1sid!2sid!4v1408275531365');

-- --------------------------------------------------------

--
-- Table structure for table `iklanatas`
--

CREATE TABLE `iklanatas` (
  `id_iklanatas` int(5) NOT NULL,
  `judul` varchar(100) COLLATE latin1_general_ci NOT NULL,
  `username` varchar(50) COLLATE latin1_general_ci NOT NULL,
  `url` varchar(100) COLLATE latin1_general_ci NOT NULL,
  `gambar` varchar(100) COLLATE latin1_general_ci NOT NULL,
  `tgl_posting` date NOT NULL
) ENGINE=MyISAM DEFAULT CHARSET=latin1 COLLATE=latin1_general_ci;

--
-- Dumping data for table `iklanatas`
--

INSERT INTO `iklanatas` (`id_iklanatas`, `judul`, `username`, `url`, `gambar`, `tgl_posting`) VALUES
(40, 'Ayo Sewakan kostan anda', 'slide', 'https://members.phpmu.com/', 'p2.jpg', '2020-07-07'),
(41, 'Dapatkan infonya dan langsung sewa di siskost', 'slide', 'https://members.phpmu.com/', 'p3.jpg', '2020-07-07'),
(42, 'Iklan atas 3', 'default', 'https://members.phpmu.com/', 'P1.jpg', '2020-07-05'),
(43, 'Iklan atas 4', 'default', 'https://members.phpmu.com/', 'sederhana.jpg', '2020-07-07'),
(44, 'Iklan atas 5', 'default', 'https://members.phpmu.com/', 'kos15.jpg', '2020-07-07'),
(55, 'iklan atas 7', 'default', 'https://members.phpmu.com/', 'kost.png', '2022-05-21');

-- --------------------------------------------------------

--
-- Table structure for table `iklantengah`
--

CREATE TABLE `iklantengah` (
  `id_iklantengah` int(5) NOT NULL,
  `judul` varchar(100) COLLATE latin1_general_ci NOT NULL,
  `username` varchar(50) COLLATE latin1_general_ci NOT NULL,
  `url` varchar(100) COLLATE latin1_general_ci NOT NULL,
  `gambar` varchar(100) COLLATE latin1_general_ci NOT NULL,
  `tgl_posting` date NOT NULL
) ENGINE=MyISAM DEFAULT CHARSET=latin1 COLLATE=latin1_general_ci;

-- --------------------------------------------------------

--
-- Table structure for table `katajelek`
--

CREATE TABLE `katajelek` (
  `id_jelek` int(11) NOT NULL,
  `kata` varchar(60) COLLATE latin1_general_ci DEFAULT NULL,
  `username` varchar(50) COLLATE latin1_general_ci NOT NULL,
  `ganti` varchar(60) COLLATE latin1_general_ci DEFAULT NULL
) ENGINE=MyISAM DEFAULT CHARSET=latin1 COLLATE=latin1_general_ci;

-- --------------------------------------------------------

--
-- Table structure for table `kategori`
--

CREATE TABLE `kategori` (
  `id_kategori` int(5) NOT NULL,
  `nama_kategori` varchar(50) COLLATE latin1_general_ci NOT NULL,
  `username` varchar(50) COLLATE latin1_general_ci NOT NULL,
  `kategori_seo` varchar(100) COLLATE latin1_general_ci NOT NULL,
  `aktif` enum('Y','N') COLLATE latin1_general_ci NOT NULL DEFAULT 'Y',
  `sidebar` int(10) NOT NULL
) ENGINE=MyISAM DEFAULT CHARSET=latin1 COLLATE=latin1_general_ci;

-- --------------------------------------------------------

--
-- Table structure for table `komentar`
--

CREATE TABLE `komentar` (
  `id_komentar` int(5) NOT NULL,
  `id_berita` int(5) NOT NULL,
  `nama_komentar` varchar(100) COLLATE latin1_general_ci NOT NULL,
  `url` varchar(100) COLLATE latin1_general_ci NOT NULL,
  `isi_komentar` text COLLATE latin1_general_ci NOT NULL,
  `tgl` date NOT NULL,
  `jam_komentar` time NOT NULL,
  `aktif` enum('Y','N') COLLATE latin1_general_ci NOT NULL DEFAULT 'Y',
  `email` varchar(100) COLLATE latin1_general_ci NOT NULL
) ENGINE=MyISAM DEFAULT CHARSET=latin1 COLLATE=latin1_general_ci;

--
-- Dumping data for table `komentar`
--

INSERT INTO `komentar` (`id_komentar`, `id_berita`, `nama_komentar`, `url`, `isi_komentar`, `tgl`, `jam_komentar`, `aktif`, `email`) VALUES
(84, 650, 'Robby Prihandaya', 'robby.prihandaya@gmail.com', 'Nice  story, Roy suryo dan Susilo bambang yudhoyono memang cucak rowo. :)   ', '2012-01-05', '00:15:45', 'N', 'robby.prihandaya@gmail.com'),
(88, 650, 'Udin Sedunia', 'www.belajarkonseling.com', ' hm...  kae.x  perlu  juga  ne  bantuan  dari  para  konselor...:)		   ', '2012-01-13', '20:09:07', 'Y', 'www.belajarkonseling.com'),
(90, 650, 'Rizal Faizal', 'www.rizal-online.co.cc', ' asyik  aja  dehh...   ', '2012-02-25', '15:01:40', 'Y', 'www.rizal-online.co.cc'),
(91, 645, 'Eka Praja W', 'komputerkampus.com', ' makin  parah  aja  nih  ...\r\nmudah2n  bisa  berbenah  negeri  ku  yg  q  banggakan   ', '2012-03-08', '20:06:07', 'Y', 'komputerkampus.com'),
(137, 650, 'Lukmanul Hakim', '', ' saya  yakin  PHP  juga  bisa  bertahan  sampai  2030   ', '2013-01-19', '18:56:25', 'Y', 'lukmanul.haskim@gmai;.com'),
(146, 645, 'Tommy Utama', 'tommy.utama@gmail.com', ' Calon  hakim  agung  Muhammad  Daming  Sanusi  menyatakan,  hukuman  mati  tidak  layak  diberlakukan  bagi  pelaku  pemerkosaan.   ', '2014-07-21', '21:03:04', 'Y', 'tommy.utama@gmail.com'),
(147, 655, 'Robby Prihandaya', 'robby.prihandaya@gmail.com', 'Mudah-mudahan  windows  8.2  tampilannya  lebih  keren  lagi  dari  windows  8.1 sebelumnya  yang  kurang  enak  di gunakan.  heheheee   ', '2014-07-22', '08:33:04', 'Y', 'robby.prihandaya@gmail.com'),
(144, 650, 'Tommy Utama', 'tommy.utama@gmail.com', 'Pengamat  politik  dari  Charta  Politika,  Yunarto  Wijaya  mempertanyakan  dasar  keputusan  SBY  menunjuk  Roy  Suryo  sebagai  Menpora.   ', '2014-07-21', '20:59:16', 'Y', 'tommy.utama@gmail.com');

-- --------------------------------------------------------

--
-- Table structure for table `komentarvid`
--

CREATE TABLE `komentarvid` (
  `id_komentar` int(5) NOT NULL,
  `id_video` int(5) NOT NULL,
  `nama_komentar` varchar(100) COLLATE latin1_general_ci NOT NULL,
  `url` varchar(100) COLLATE latin1_general_ci NOT NULL,
  `isi_komentar` text COLLATE latin1_general_ci NOT NULL,
  `tgl` date NOT NULL,
  `jam_komentar` time NOT NULL,
  `aktif` enum('Y','N') COLLATE latin1_general_ci NOT NULL DEFAULT 'Y'
) ENGINE=MyISAM DEFAULT CHARSET=latin1 COLLATE=latin1_general_ci;

-- --------------------------------------------------------

--
-- Table structure for table `kost`
--

CREATE TABLE `kost` (
  `id_kost` int(11) NOT NULL,
  `id_produk_perusahaan` int(11) NOT NULL,
  `id_kategori_produk` int(11) NOT NULL,
  `id_kategori_produk_sub` int(11) NOT NULL,
  `id_pemilik` int(11) NOT NULL,
  `nama_kost` varchar(255) NOT NULL,
  `produk_seo` varchar(255) NOT NULL,
  `satuan` varchar(50) NOT NULL,
  `harga_beli` int(11) NOT NULL,
  `harga_reseller` int(11) NOT NULL,
  `harga_konsumen` int(11) NOT NULL,
  `berat` varchar(50) NOT NULL,
  `gambar` varchar(255) NOT NULL,
  `keterangan` text NOT NULL,
  `username` varchar(50) DEFAULT NULL,
  `waktu_input` datetime NOT NULL
) ENGINE=MyISAM DEFAULT CHARSET=latin1;

--
-- Dumping data for table `kost`
--

INSERT INTO `kost` (`id_kost`, `id_produk_perusahaan`, `id_kategori_produk`, `id_kategori_produk_sub`, `id_pemilik`, `nama_kost`, `produk_seo`, `satuan`, `harga_beli`, `harga_reseller`, `harga_konsumen`, `berat`, `gambar`, `keterangan`, `username`, `waktu_input`) VALUES
(1, 0, 2, 2, 2, 'Kost Carica Home Stay ', 'Kost-carica-Home-Stay', 'Perbulan', 60000, 0, 70000, '300', 'kos14.jpg', '<p>Lorem ipsum dolor sit amet, consectetur adipiscing elit. Donec scelerisque condimentum mattis. Suspendisse potenti. Proin vitae elementum nisi. Aliquam eu pretium risus. Nam varius efficitur consectetur. Aenean vestibulum felis sed mollis faucibus. Interdum et malesuada fames ac ante ipsum primis in faucibus. Proin venenatis est sit amet eleifend vehicula. Lorem ipsum dolor sit amet, consectetur adipiscing elit. Integer id nunc eu odio ultrices pulvinar non feugiat felis. Duis consequat urna sapien, porta gravida diam venenatis at. Duis at ornare enim, ac accumsan eros. Sed in finibus metus. Etiam blandit tristique orci, sit amet congue dui facilisis id. Donec fermentum diam at orci viverra placerat. Sed nunc lorem, cursus nec vestibulum hendrerit, tempus et libero.</p>\r\n\r\n<p>Donec consequat lacinia fringilla. Proin dapibus justo at elit iaculis, eu rutrum velit dapibus. Phasellus nec augue vel nisl sagittis malesuada vel vel orci. In in euismod massa. Praesent vel blandit arcu. Maecenas eleifend dui in est rhoncus, mattis sollicitudin augue semper. Donec a lectus rhoncus, ornare nunc rutrum, egestas arcu. Aenean dapibus urna non nisl dignissim volutpat.</p>\r\n', 'admin', '2017-05-23 17:04:25'),
(2, 0, 2, 1, 2, 'Kost indah purnama', 'KOst-indah-purnama', 'Perbulan', 340000, 0, 350000, '500', 'kos9.jpg', '<p>Lorem ipsum dolor sit amet, consectetur adipiscing elit. Donec scelerisque condimentum mattis. Suspendisse potenti. Proin vitae elementum nisi. Aliquam eu pretium risus. Nam varius efficitur consectetur. Aenean vestibulum felis sed mollis faucibus. Interdum et malesuada fames ac ante ipsum primis in faucibus. Proin venenatis est sit amet eleifend vehicula. Lorem ipsum dolor sit amet, consectetur adipiscing elit. Integer id nunc eu odio ultrices pulvinar non feugiat felis. Duis consequat urna sapien, porta gravida diam venenatis at. Duis at ornare enim, ac accumsan eros. Sed in finibus metus. Etiam blandit tristique orci, sit amet congue dui facilisis id. Donec fermentum diam at orci viverra placerat. Sed nunc lorem, cursus nec vestibulum hendrerit, tempus et libero.</p>\r\n\r\n<p>Donec consequat lacinia fringilla. Proin dapibus justo at elit iaculis, eu rutrum velit dapibus. Phasellus nec augue vel nisl sagittis malesuada vel vel orci. In in euismod massa. Praesent vel blandit arcu. Maecenas eleifend dui in est rhoncus, mattis sollicitudin augue semper. Donec a lectus rhoncus, ornare nunc rutrum, egestas arcu. Aenean dapibus urna non nisl dignissim volutpat.</p>\r\n', 'admin', '2017-05-23 17:10:17'),
(3, 0, 2, 2, 2, 'kost tantula', 'kost-tantula', 'Perbulan', 159980, 0, 169980, '300', 'kos8.jpg', '<p>Lorem ipsum dolor sit amet, consectetur adipiscing elit. Donec scelerisque condimentum mattis. Suspendisse potenti. Proin vitae elementum nisi. Aliquam eu pretium risus. Nam varius efficitur consectetur. Aenean vestibulum felis sed mollis faucibus. Interdum et malesuada fames ac ante ipsum primis in faucibus. Proin venenatis est sit amet eleifend vehicula. Lorem ipsum dolor sit amet, consectetur adipiscing elit. Integer id nunc eu odio ultrices pulvinar non feugiat felis. Duis consequat urna sapien, porta gravida diam venenatis at. Duis at ornare enim, ac accumsan eros. Sed in finibus metus. Etiam blandit tristique orci, sit amet congue dui facilisis id. Donec fermentum diam at orci viverra placerat. Sed nunc lorem, cursus nec vestibulum hendrerit, tempus et libero.</p>\r\n\r\n<p>Donec consequat lacinia fringilla. Proin dapibus justo at elit iaculis, eu rutrum velit dapibus. Phasellus nec augue vel nisl sagittis malesuada vel vel orci. In in euismod massa. Praesent vel blandit arcu. Maecenas eleifend dui in est rhoncus, mattis sollicitudin augue semper. Donec a lectus rhoncus, ornare nunc rutrum, egestas arcu. Aenean dapibus urna non nisl dignissim volutpat.</p>\r\n', 'admin', '2017-05-30 06:47:14'),
(4, 0, 2, 1, 2, 'Kost graha 3a', 'Kost-graha-3a', 'Perbulan', 119900, 0, 129900, '100', 'kos11.jpg', '<p>Lorem ipsum dolor sit amet, consectetur adipiscing elit. Donec scelerisque condimentum mattis. Suspendisse potenti. Proin vitae elementum nisi. Aliquam eu pretium risus. Nam varius efficitur consectetur. Aenean vestibulum felis sed mollis faucibus. Interdum et malesuada fames ac ante ipsum primis in faucibus. Proin venenatis est sit amet eleifend vehicula. Lorem ipsum dolor sit amet, consectetur adipiscing elit. Integer id nunc eu odio ultrices pulvinar non feugiat felis. Duis consequat urna sapien, porta gravida diam venenatis at. Duis at ornare enim, ac accumsan eros. Sed in finibus metus. Etiam blandit tristique orci, sit amet congue dui facilisis id. Donec fermentum diam at orci viverra placerat. Sed nunc lorem, cursus nec vestibulum hendrerit, tempus et libero.</p>\r\n\r\n<p>Donec consequat lacinia fringilla. Proin dapibus justo at elit iaculis, eu rutrum velit dapibus. Phasellus nec augue vel nisl sagittis malesuada vel vel orci. In in euismod massa. Praesent vel blandit arcu. Maecenas eleifend dui in est rhoncus, mattis sollicitudin augue semper. Donec a lectus rhoncus, ornare nunc rutrum, egestas arcu. Aenean dapibus urna non nisl dignissim volutpat.</p>', 'reseller2', '2017-05-30 06:53:10'),
(5, 0, 2, 1, 2, 'Kost graha 3c', 'Kost-graha-3c', 'Perbulan', 745000, 0, 755000, '150', 'kos10.jpg', '<p>Lorem ipsum dolor sit amet, consectetur adipiscing elit. Donec scelerisque condimentum mattis. Suspendisse potenti. Proin vitae elementum nisi. Aliquam eu pretium risus. Nam varius efficitur consectetur. Aenean vestibulum felis sed mollis faucibus. Interdum et malesuada fames ac ante ipsum primis in faucibus. Proin venenatis est sit amet eleifend vehicula. Lorem ipsum dolor sit amet, consectetur adipiscing elit. Integer id nunc eu odio ultrices pulvinar non feugiat felis. Duis consequat urna sapien, porta gravida diam venenatis at. Duis at ornare enim, ac accumsan eros. Sed in finibus metus. Etiam blandit tristique orci, sit amet congue dui facilisis id. Donec fermentum diam at orci viverra placerat. Sed nunc lorem, cursus nec vestibulum hendrerit, tempus et libero.</p>\r\n\r\n<p>Donec consequat lacinia fringilla. Proin dapibus justo at elit iaculis, eu rutrum velit dapibus. Phasellus nec augue vel nisl sagittis malesuada vel vel orci. In in euismod massa. Praesent vel blandit arcu. Maecenas eleifend dui in est rhoncus, mattis sollicitudin augue semper. Donec a lectus rhoncus, ornare nunc rutrum, egestas arcu. Aenean dapibus urna non nisl dignissim volutpat.</p>\r\n', 'admin', '2017-05-30 06:56:24'),
(6, 0, 2, 2, 2, 'Inter kost pondok indah', 'Inter-kostpondok-indah', 'Perbulan', 65000, 0, 75000, '130', 'kos12.jpg', '<p>Lorem ipsum dolor sit amet, consectetur adipiscing elit. Donec scelerisque condimentum mattis. Suspendisse potenti. Proin vitae elementum nisi. Aliquam eu pretium risus. Nam varius efficitur consectetur. Aenean vestibulum felis sed mollis faucibus. Interdum et malesuada fames ac ante ipsum primis in faucibus. Proin venenatis est sit amet eleifend vehicula. Lorem ipsum dolor sit amet, consectetur adipiscing elit. Integer id nunc eu odio ultrices pulvinar non feugiat felis. Duis consequat urna sapien, porta gravida diam venenatis at. Duis at ornare enim, ac accumsan eros. Sed in finibus metus. Etiam blandit tristique orci, sit amet congue dui facilisis id. Donec fermentum diam at orci viverra placerat. Sed nunc lorem, cursus nec vestibulum hendrerit, tempus et libero.</p>\r\n\r\n<p>Donec consequat lacinia fringilla. Proin dapibus justo at elit iaculis, eu rutrum velit dapibus. Phasellus nec augue vel nisl sagittis malesuada vel vel orci. In in euismod massa. Praesent vel blandit arcu. Maecenas eleifend dui in est rhoncus, mattis sollicitudin augue semper. Donec a lectus rhoncus, ornare nunc rutrum, egestas arcu. Aenean dapibus urna non nisl dignissim volutpat.</p>\r\n', 'admin', '2017-05-30 06:57:11'),
(7, 0, 2, 2, 2, 'Kost Graha 3b', 'Kost Graha 3b', 'Perbulan', 89000, 0, 99000, '600', 'kos11.jpg', '<p>Lorem ipsum dolor sit amet, consectetur adipiscing elit. Donec scelerisque condimentum mattis. Suspendisse potenti. Proin vitae elementum nisi. Aliquam eu pretium risus. Nam varius efficitur consectetur. Aenean vestibulum felis sed mollis faucibus. Interdum et malesuada fames ac ante ipsum primis in faucibus. Proin venenatis est sit amet eleifend vehicula. Lorem ipsum dolor sit amet, consectetur adipiscing elit. Integer id nunc eu odio ultrices pulvinar non feugiat felis. Duis consequat urna sapien, porta gravida diam venenatis at. Duis at ornare enim, ac accumsan eros. Sed in finibus metus. Etiam blandit tristique orci, sit amet congue dui facilisis id. Donec fermentum diam at orci viverra placerat. Sed nunc lorem, cursus nec vestibulum hendrerit, tempus et libero.</p>\r\n\r\n<p>Donec consequat lacinia fringilla. Proin dapibus justo at elit iaculis, eu rutrum velit dapibus. Phasellus nec augue vel nisl sagittis malesuada vel vel orci. In in euismod massa. Praesent vel blandit arcu. Maecenas eleifend dui in est rhoncus, mattis sollicitudin augue semper. Donec a lectus rhoncus, ornare nunc rutrum, egestas arcu. Aenean dapibus urna non nisl dignissim volutpat.</p>\r\n', 'admin', '2017-05-30 09:52:58'),
(29, 0, 2, 1, 10, 'Mutia Cempaka', 'mutia-cempaka', 'Perbulan', 700000, 0, 400000, '3', 'kos3.jpg', '<p>Kost Campur, Murah dan fasilitas lengkap tersedia 10 Kamar</p><p>- Fasilitas Yang Tersedia</p><p>Kasur, Kamar Mandi, Dapur dan Lemari</p><p>- Akses Lingkungan&nbsp;</p><p>&nbsp; * Sekolahan SD Kanaya</p><p>&nbsp; * 10m Akses Mesjid</p>', 'atinsuha', '2021-05-27 21:45:12'),
(32, 0, 2, 0, 10, 'as', 'as', 'Perbulan', 300, 0, 200, '4', '', '', 'atinsuha', '2021-06-16 20:03:32'),
(31, 0, 2, 0, 10, 'as', 'as', 'Perbulan', 400000, 0, 5000, '3', 'fr-03.jpg', '', 'atinsuha', '2021-06-16 19:57:54'),
(34, 0, 2, 0, 10, 'Mama Kembar', 'mama-kembar', '2', 300000, 0, 250000, '400', 'apotek2.jpg', '', 'atinsuha', '2021-06-25 01:14:23');

-- --------------------------------------------------------

--
-- Table structure for table `kost_diskon`
--

CREATE TABLE `kost_diskon` (
  `id_produk_diskon` int(11) NOT NULL,
  `id_kost` int(11) NOT NULL,
  `id_pemilik` int(11) NOT NULL,
  `diskon` int(11) NOT NULL
) ENGINE=MyISAM DEFAULT CHARSET=latin1;

--
-- Dumping data for table `kost_diskon`
--

INSERT INTO `kost_diskon` (`id_produk_diskon`, `id_kost`, `id_pemilik`, `diskon`) VALUES
(1, 13, 2, 8000),
(2, 12, 2, 42000),
(3, 9, 2, 15000),
(4, 7, 2, 10000),
(5, 4, 2, 89000),
(7, 2, 2, 100000),
(8, 14, 1, 10),
(9, 14, 2, 0),
(10, 16, 2, 342),
(11, 12, 1, 0),
(12, 11, 1, 0),
(13, 10, 1, 0),
(14, 26, 3, 0),
(15, 25, 3, 0),
(16, 24, 3, 0),
(17, 23, 3, 0),
(18, 21, 3, 0),
(19, 27, 1, 1000),
(20, 29, 10, 0),
(21, 33, 10, 10000);

-- --------------------------------------------------------

--
-- Table structure for table `logo`
--

CREATE TABLE `logo` (
  `id_logo` int(5) NOT NULL,
  `gambar` varchar(100) COLLATE latin1_general_ci NOT NULL
) ENGINE=MyISAM DEFAULT CHARSET=latin1 COLLATE=latin1_general_ci;

--
-- Dumping data for table `logo`
--

INSERT INTO `logo` (`id_logo`, `gambar`) VALUES
(15, 'logosiskostt.png');

-- --------------------------------------------------------

--
-- Table structure for table `menu`
--

CREATE TABLE `menu` (
  `id_menu` int(5) NOT NULL,
  `id_parent` int(5) NOT NULL DEFAULT 0,
  `nama_menu` varchar(30) NOT NULL,
  `link` varchar(100) NOT NULL,
  `aktif` enum('Ya','Tidak') NOT NULL DEFAULT 'Ya',
  `position` enum('Top','Bottom') DEFAULT 'Bottom',
  `urutan` int(3) NOT NULL
) ENGINE=MyISAM DEFAULT CHARSET=latin1;

--
-- Dumping data for table `menu`
--

INSERT INTO `menu` (`id_menu`, `id_parent`, `nama_menu`, `link`, `aktif`, `position`, `urutan`) VALUES
(115, 0, 'Alamat Kami', 'halaman/detail/alamat-perusahaan', 'Ya', 'Top', 3),
(113, 0, 'Tentang Kami', 'halaman/detail/tentang-kami-tunggul-news', 'Ya', 'Top', 2),
(151, 150, 'Detail kost', 'produk', 'Ya', 'Bottom', 19),
(150, 0, 'SISKOST', '#', 'Ya', 'Bottom', 18),
(116, 0, 'Hubungi Kami', 'hubungi', 'Ya', 'Top', 4),
(147, 0, 'Testimoni', 'testimoni', 'Ya', 'Bottom', 17),
(152, 150, 'Semua lapak kost', 'produk/reseller', 'Ya', 'Bottom', 20),
(155, 150, 'Orders Report', 'members/orders_report', 'Ya', 'Bottom', 23);

-- --------------------------------------------------------

--
-- Table structure for table `modul`
--

CREATE TABLE `modul` (
  `id_modul` int(5) NOT NULL,
  `nama_modul` varchar(50) CHARACTER SET latin1 COLLATE latin1_general_ci NOT NULL,
  `username` varchar(50) CHARACTER SET latin1 COLLATE latin1_general_ci NOT NULL,
  `link` varchar(100) CHARACTER SET latin1 COLLATE latin1_general_ci NOT NULL,
  `static_content` text CHARACTER SET latin1 COLLATE latin1_general_ci NOT NULL,
  `gambar` varchar(100) CHARACTER SET latin1 COLLATE latin1_general_ci NOT NULL,
  `publish` enum('Y','N') CHARACTER SET latin1 COLLATE latin1_general_ci NOT NULL DEFAULT 'Y',
  `status` enum('user','admin') CHARACTER SET latin1 COLLATE latin1_general_ci NOT NULL,
  `aktif` enum('Y','N') CHARACTER SET latin1 COLLATE latin1_general_ci NOT NULL DEFAULT 'Y',
  `urutan` int(5) NOT NULL,
  `link_seo` varchar(50) CHARACTER SET latin1 COLLATE latin1_general_ci NOT NULL
) ENGINE=MyISAM DEFAULT CHARSET=latin1;

--
-- Dumping data for table `modul`
--

INSERT INTO `modul` (`id_modul`, `nama_modul`, `username`, `link`, `static_content`, `gambar`, `publish`, `status`, `aktif`, `urutan`, `link_seo`) VALUES
(2, 'Manajemen User', 'admin', 'manajemenuser', '', '', 'Y', 'user', 'Y', 0, ''),
(71, 'Background Website', 'admin', 'background', '', '', 'N', 'admin', 'N', 0, ''),
(10, 'Manajemen Modul', 'admin', 'manajemenmodul', '', '', 'Y', 'user', 'Y', 0, ''),
(33, 'Jajak Pendapat', 'admin', 'jajakpendapat', '', '', 'Y', 'user', 'Y', 0, ''),
(45, 'Template Website', 'admin', 'templatewebsite', '', '', 'Y', 'user', 'Y', 0, ''),
(46, 'Sensor Kata', 'admin', 'sensorkomentar', '', '', 'Y', 'user', 'Y', 0, ''),
(61, 'Identitas Website', 'admin', 'identitaswebsite', '', '', 'Y', 'user', 'Y', 0, ''),
(57, 'Menu Website', 'admin', 'menuwebsite', '', '', 'Y', 'user', 'Y', 0, ''),
(66, 'Logo Website', 'admin', 'logowebsite', '', '', 'Y', 'user', 'Y', 0, ''),
(67, 'Iklan Sidebar', 'admin', 'iklansidebar', '', '', 'N', 'admin', 'N', 0, ''),
(68, 'Iklan Home', 'admin', 'iklanhome', '', '', 'N', 'admin', 'N', 0, ''),
(69, 'Iklan Atas', 'admin', 'iklanatas', '', '', 'N', 'admin', 'N', 0, ''),
(70, 'Pesan Masuk', 'admin', 'pesanmasuk', '', '', 'Y', 'user', 'Y', 0, ''),
(72, 'Sekilas Info', 'admin', 'sekilasinfo', '', '', 'N', 'admin', 'N', 0, ''),
(73, 'Yahoo Messanger', 'admin', 'ym', '', '', 'N', 'admin', 'N', 0, ''),
(74, 'Download Area', 'admin', 'download', '', '', 'Y', 'admin', 'Y', 0, ''),
(75, 'Alamat Kontak', 'admin', 'alamat', '', '', 'Y', 'admin', 'Y', 0, '');

-- --------------------------------------------------------

--
-- Table structure for table `mod_alamat`
--

CREATE TABLE `mod_alamat` (
  `id_alamat` int(5) NOT NULL,
  `alamat` text CHARACTER SET latin1 COLLATE latin1_general_ci NOT NULL
) ENGINE=MyISAM DEFAULT CHARSET=latin1;

--
-- Dumping data for table `mod_alamat`
--

INSERT INTO `mod_alamat` (`id_alamat`, `alamat`) VALUES
(1, '<strong>Haloo!</strong>, Kami berkomitmen memberikan layanan terbaik untuk Anda,&nbsp;menyediakan produk dan layanan terbaik yang Anda butuhkan. Apabila untuk alasan tertentu Anda merasa tidak puas dengan pelayanan kami dapat menyampaikan kritik dan saran.<br />\r\n<br />\r\nKami akan menidaklanjuti masukan yang Anda berikan dan bila perlu mengambil tindakan untuk mencegah masalah yang sama terulang kembali.\r\n');

-- --------------------------------------------------------

--
-- Table structure for table `mod_ym`
--

CREATE TABLE `mod_ym` (
  `id` int(11) NOT NULL,
  `nama` varchar(255) COLLATE latin1_general_ci NOT NULL,
  `username` varchar(50) COLLATE latin1_general_ci NOT NULL,
  `ym_icon` int(3) NOT NULL
) ENGINE=MyISAM DEFAULT CHARSET=latin1 COLLATE=latin1_general_ci;

-- --------------------------------------------------------

--
-- Table structure for table `pasangiklan`
--

CREATE TABLE `pasangiklan` (
  `id_pasangiklan` int(5) NOT NULL,
  `judul` varchar(100) COLLATE latin1_general_ci NOT NULL,
  `username` varchar(50) COLLATE latin1_general_ci NOT NULL,
  `url` varchar(100) COLLATE latin1_general_ci NOT NULL,
  `gambar` varchar(100) COLLATE latin1_general_ci NOT NULL,
  `tgl_posting` date NOT NULL
) ENGINE=MyISAM DEFAULT CHARSET=latin1 COLLATE=latin1_general_ci;

--
-- Dumping data for table `pasangiklan`
--

INSERT INTO `pasangiklan` (`id_pasangiklan`, `judul`, `username`, `url`, `gambar`, `tgl_posting`) VALUES
(1, 'Iklan Sidebar Kiri', 'admin', 'http://phpmu.com', 'kiri.jpg', '2014-06-22'),
(2, 'Iklan Sidebar Kanan', 'admin', 'http://phpmu.com', 'kanan.jpg', '2014-06-22');

-- --------------------------------------------------------

--
-- Table structure for table `pemilik`
--

CREATE TABLE `pemilik` (
  `id_pemilik` int(11) NOT NULL,
  `username` varchar(50) NOT NULL,
  `password` varchar(255) NOT NULL,
  `nama_pemilik` varchar(255) NOT NULL,
  `jenis_kelamin` varchar(50) NOT NULL,
  `kota_id` int(11) NOT NULL,
  `alamat_lengkap` text NOT NULL,
  `no_telpon` varchar(15) NOT NULL,
  `email` varchar(100) NOT NULL,
  `kode_pos` int(7) NOT NULL,
  `keterangan` text NOT NULL,
  `foto` varchar(255) NOT NULL,
  `tanggal_daftar` datetime NOT NULL
) ENGINE=MyISAM DEFAULT CHARSET=latin1;

--
-- Dumping data for table `pemilik`
--

INSERT INTO `pemilik` (`id_pemilik`, `username`, `password`, `nama_pemilik`, `jenis_kelamin`, `kota_id`, `alamat_lengkap`, `no_telpon`, `email`, `kode_pos`, `keterangan`, `foto`, `tanggal_daftar`) VALUES
(1, 'reseller', 'd073f60ff87c6ffe0abd48687b939667c3bdfd019df58d670ed45d230c470b94a0389d825453d40978c48e6f49ddb1368b16c069ab8bf27cfe8a9e1e2c15e954', 'Kost indah perum', 'Laki-laki', 318, 'Jl. Angkasa Pura Raya, No 456 BG', '681267771355', 'reseller.bukittinggi@gmail.com', 26125, 'Tidak ada keterangan...', 'Mozilla_Firefox.png', '2017-05-23 00:00:00'),
(2, 'reseller2', '097ee0662e53882111f603eb2de4dc9070d65782eee9f8bcb42829024c03af2813596b4b7d07dc05d55e9e345bc9a0eb9b2fb41565c529015660296ed7a96953', 'kost andita tegal', 'Laki-laki', 31, 'Geger Bangkalan', '082331331445', 'azkaku@gmail.com', 69152, 'Kami merupakan perusahaan yang bergerak dalam bidang kecantikan. Produk yang kami hasilkan secara ilmiah terbukti bermanfaat.  Harapan perusahaan kami adalah, menciptakan produk kecantikan produksi Indonesia yang berstandar internasional.', 'WERI.jpg', '2017-05-23 00:00:00'),
(3, 'reseller3', 'b75f92610f21b882cd791b99cc4cc177d3e274017656a63ad61d65bd956b99d7773b56011828305259f1fd61b02ca855e5a28eee34e146ad137fea554c9f35e3', 'kost indira', 'Perempuan', 56, 'Jl. Tiaka Raya, No 678', '685423020111', 'pemilik indira@gmail.com', 34124, 'Tidak ada keterangan...', 'reseller.png', '2017-05-28 00:00:00'),
(10, 'atinsuha', 'ea8c0a45ca172b8549448d49d64a867c102c98dcd91c16d932ad056c506359cb0936c4ca27981970723d40712c240c926bbe4562d7837806358ffb26f39bfe99', 'Kost Tin', 'Perempuan', 428, 'Batununggul 1', '0895364481072', 'atinsuhaetin2001@gmail.com', 4012, '', 'fr-05.jpg', '2021-05-27 21:04:03');

-- --------------------------------------------------------

--
-- Table structure for table `penyewa`
--

CREATE TABLE `penyewa` (
  `id_penyewa` int(11) NOT NULL,
  `username` varchar(60) NOT NULL,
  `password` text NOT NULL,
  `nama_lengkap` varchar(255) NOT NULL,
  `email` varchar(60) NOT NULL,
  `jenis_kelamin` enum('Laki-laki','Perempuan') NOT NULL,
  `tanggal_lahir` date NOT NULL,
  `tempat_lahir` varchar(100) NOT NULL,
  `alamat_lengkap` text NOT NULL,
  `kecamatan` varchar(255) NOT NULL,
  `kota_id` int(11) NOT NULL,
  `no_hp` varchar(15) NOT NULL,
  `foto` varchar(255) NOT NULL,
  `tanggal_daftar` date NOT NULL
) ENGINE=MyISAM DEFAULT CHARSET=latin1;

--
-- Dumping data for table `penyewa`
--

INSERT INTO `penyewa` (`id_penyewa`, `username`, `password`, `nama_lengkap`, `email`, `jenis_kelamin`, `tanggal_lahir`, `tempat_lahir`, `alamat_lengkap`, `kecamatan`, `kota_id`, `no_hp`, `foto`, `tanggal_daftar`) VALUES
(3, 'dewiit', 'af9f95fb734ca6abb2d02a6a169eca2bbf33feb3c25ed266e4129cbed937150699954d72dcb44fee7c9e9acebaf4e7283aabc64a6e56f1b8e6a5a0e8e0551324', 'Dewiit Safitri', 'dewiitt.safitri@gmail.com', 'Perempuan', '1989-06-16', '56224234234', 'Jl. Linggar Jati Lamo', '', 0, '098912334456', '', '2017-04-08'),
(4, 'cristine', '284e703a4d52451e1266b16660e50545e58bc0d4796587cb457e49cccd10af4d4ef6cf36d076a91002d806f443e0fb22b9391d81092d06a90252ec80b93a1269', 'Cristine Hakim', 'cristine.hakim@gmail.com', 'Perempuan', '1970-06-16', '46234234234', 'jl. Pondok Raya Begalung', '', 0, '097712445600', '', '2017-04-09'),
(28, 'arnaf', 'dd3d2bc42b63700105c0c456cbcbcf5a8ac340d4bd7a57841a3874904fea4d1e85bbc18cd4da7c1be24faa58abb30f377b73a6ce7b629be78f2b82f04fc085bf', 'arnaf mahardika', 'arnaf@gmail.com', 'Laki-laki', '0000-00-00', '', 'Kembang ', 'PagadenBarat', 428, '089543216789', '', '2021-05-27'),
(27, 'nuryamah', 'd46396eb5bd441f9d18619877909fd51f70941bf23d189687694ace5f2d0a8be322f093ee621b1eef4f8f9dd9f233bc3b4f7cbf6f628fe8b920631bc184180c6', 'nuryamah ap', 'nuryamah@gmail.com', 'Laki-laki', '0000-00-00', '', 'subang', 'subang', 428, '085603404303', '', '2021-05-23'),
(29, 'ilham', 'cef50b833ae8b2c15ed27d0349fc7266411c5e3f604382d7885d2be9214685a1b7dc2346fcdbd2c7e180a8ddf8091a58722dbfe1bdf9912487fa6047a37acad7', 'ilhammm', 'il@gmail.com', 'Laki-laki', '0000-00-00', '', 'fguyghkjgjhgjhgj', 'PagadenBarat', 428, '0987654321', '', '2021-06-11'),
(30, 'tatin', '738c5081fd0d76c90fbb41960128b8c23317bb39d5cc82b270a16800430db45091e10a485657630d8d358322874b417075a05e9f1b75f1776027e0c05ed4f258', 'tatina', 'ta@gmail.com', 'Laki-laki', '0000-00-00', 'Subang', 'kawarungan', 'Pagaden Barat', 428, '082115826829', '', '2021-06-16');

-- --------------------------------------------------------

--
-- Table structure for table `playlist`
--

CREATE TABLE `playlist` (
  `id_playlist` int(5) NOT NULL,
  `jdl_playlist` varchar(100) COLLATE latin1_general_ci NOT NULL,
  `username` varchar(50) COLLATE latin1_general_ci NOT NULL,
  `playlist_seo` varchar(100) COLLATE latin1_general_ci NOT NULL,
  `gbr_playlist` varchar(100) COLLATE latin1_general_ci NOT NULL,
  `aktif` enum('Y','N') COLLATE latin1_general_ci NOT NULL DEFAULT 'Y'
) ENGINE=MyISAM DEFAULT CHARSET=latin1 COLLATE=latin1_general_ci;

-- --------------------------------------------------------

--
-- Table structure for table `poling`
--

CREATE TABLE `poling` (
  `id_poling` int(5) NOT NULL,
  `pilihan` varchar(100) COLLATE latin1_general_ci NOT NULL,
  `status` varchar(20) COLLATE latin1_general_ci NOT NULL,
  `username` varchar(50) COLLATE latin1_general_ci NOT NULL,
  `rating` int(5) NOT NULL DEFAULT 0,
  `aktif` enum('Y','N') COLLATE latin1_general_ci NOT NULL
) ENGINE=MyISAM DEFAULT CHARSET=latin1 COLLATE=latin1_general_ci;

-- --------------------------------------------------------

--
-- Table structure for table `rb_bonus`
--

CREATE TABLE `rb_bonus` (
  `id_bonus` int(11) NOT NULL,
  `username` varchar(50) NOT NULL,
  `nominal` int(11) NOT NULL,
  `status` enum('1','2') NOT NULL,
  `waktu_bonus` datetime NOT NULL
) ENGINE=MyISAM DEFAULT CHARSET=latin1;

--
-- Dumping data for table `rb_bonus`
--

INSERT INTO `rb_bonus` (`id_bonus`, `username`, `nominal`, `status`, `waktu_bonus`) VALUES
(8, 'arsenio', 100000, '1', '2017-04-10 23:55:38'),
(7, 'robby', 100000, '1', '2017-04-10 23:55:38');

-- --------------------------------------------------------

--
-- Table structure for table `rb_kategori_produk`
--

CREATE TABLE `rb_kategori_produk` (
  `id_kategori_produk` int(11) NOT NULL,
  `nama_kategori` varchar(255) NOT NULL,
  `kategori_seo` varchar(255) NOT NULL
) ENGINE=MyISAM DEFAULT CHARSET=latin1;

--
-- Dumping data for table `rb_kategori_produk`
--

INSERT INTO `rb_kategori_produk` (`id_kategori_produk`, `nama_kategori`, `kategori_seo`) VALUES
(2, 'rekomendasi kost', 'rekomendasi-kost');

-- --------------------------------------------------------

--
-- Table structure for table `rb_kategori_produk_sub`
--

CREATE TABLE `rb_kategori_produk_sub` (
  `id_kategori_produk_sub` int(11) NOT NULL,
  `id_kategori_produk` int(11) NOT NULL,
  `nama_kategori_sub` varchar(255) NOT NULL,
  `kategori_seo_sub` varchar(255) NOT NULL
) ENGINE=MyISAM DEFAULT CHARSET=latin1;

--
-- Dumping data for table `rb_kategori_produk_sub`
--

INSERT INTO `rb_kategori_produk_sub` (`id_kategori_produk_sub`, `id_kategori_produk`, `nama_kategori_sub`, `kategori_seo_sub`) VALUES
(1, 2, 'Sedang', 'sedang'),
(2, 2, 'Besar', 'besar');

-- --------------------------------------------------------

--
-- Table structure for table `rb_keterangan`
--

CREATE TABLE `rb_keterangan` (
  `id_keterangan` int(5) NOT NULL,
  `id_pemilik` int(11) NOT NULL,
  `keterangan` text NOT NULL,
  `tanggal_posting` date NOT NULL
) ENGINE=MyISAM DEFAULT CHARSET=latin1;

--
-- Dumping data for table `rb_keterangan`
--

INSERT INTO `rb_keterangan` (`id_keterangan`, `id_pemilik`, `keterangan`, `tanggal_posting`) VALUES
(1, 2, '<b>Informasi dari Reseller :</b><p></p>\r\n<p>Lorem ipsum dolor sit amet, consectetur adipiscing elit. Donec scelerisque condimentum mattis. Suspendisse potenti. Proin vitae elementum nisi. Aliquam eu pretium risus. Nam varius efficitur consectetur. Aenean vestibulum felis sed mollis faucibus. Interdum et malesuada fames ac ante ipsum primis in faucibus. Proin venenatis est sit amet eleifend vehicula. Lorem ipsum dolor sit amet, consectetur adipiscing elit. Integer id nunc eu odio ultrices pulvinar non feugiat felis.&nbsp; dfsdfsdf</p><p>Duis consequat urna sapien, porta gravida diam venenatis at. Duis at ornare enim, ac accumsan eros. Sed in finibus metus. Etiam blandit tristique orci, sit amet congue dui facilisis id. Donec fermentum diam at orci viverra placerat. Sed nunc lorem, cursus nec vestibulum hendrerit, tempus et libero. ertert</p>', '2017-03-31'),
(2, 6, '<p>asdasdasd</p>', '2019-09-07'),
(3, 1, '<p>ZXZXZX</p>', '2019-09-07');

-- --------------------------------------------------------

--
-- Table structure for table `rb_konfirmasi_pembayaran`
--

CREATE TABLE `rb_konfirmasi_pembayaran` (
  `id_konfirmasi_pembayaran` int(11) NOT NULL,
  `id_penjualan` int(11) NOT NULL,
  `total_transfer` varchar(20) NOT NULL,
  `id_rekening` int(11) NOT NULL,
  `nama_pengirim` varchar(255) NOT NULL,
  `tanggal_transfer` date NOT NULL,
  `bukti_transfer` varchar(255) NOT NULL,
  `waktu_konfirmasi` datetime NOT NULL
) ENGINE=MyISAM DEFAULT CHARSET=latin1;

--
-- Dumping data for table `rb_konfirmasi_pembayaran`
--

INSERT INTO `rb_konfirmasi_pembayaran` (`id_konfirmasi_pembayaran`, `id_penjualan`, `total_transfer`, `id_rekening`, `nama_pengirim`, `tanggal_transfer`, `bukti_transfer`, `waktu_konfirmasi`) VALUES
(1, 14, 'Rp 3,605,000', 2, 'Robby Prihandaya', '2017-06-01', 'Transfer_Member_PHP.png', '2017-06-01 17:17:55'),
(2, 58, 'Rp 700,000', 1, 'ttt', '2018-09-12', '', '2018-09-12 14:43:39'),
(3, 68, 'Rp 1,332,900', 1, 'Reseller Utama', '2018-12-26', '234.JPG', '2018-12-26 08:19:57'),
(4, 91, 'Rp 399,000', 1, 'Murni Jaya', '2019-03-22', 'Screenshot_20190227-155933_BCA_mobile.jpg', '2019-03-22 06:28:27'),
(5, 117, 'Rp 114,000', 1, 'Umar Lapakers', '2020-06-28', '', '2020-06-28 08:44:42');

-- --------------------------------------------------------

--
-- Table structure for table `rb_konfirmasi_pembayaran_konsumen`
--

CREATE TABLE `rb_konfirmasi_pembayaran_konsumen` (
  `id_konfirmasi_pembayaran` int(11) NOT NULL,
  `id_penjualan` int(11) NOT NULL,
  `total_transfer` varchar(20) NOT NULL,
  `id_rekening` int(11) NOT NULL,
  `nama_pengirim` varchar(255) NOT NULL,
  `tanggal_transfer` date NOT NULL,
  `bukti_transfer` varchar(255) NOT NULL,
  `waktu_konfirmasi` datetime NOT NULL
) ENGINE=MyISAM DEFAULT CHARSET=latin1;

--
-- Dumping data for table `rb_konfirmasi_pembayaran_konsumen`
--

INSERT INTO `rb_konfirmasi_pembayaran_konsumen` (`id_konfirmasi_pembayaran`, `id_penjualan`, `total_transfer`, `id_rekening`, `nama_pengirim`, `tanggal_transfer`, `bukti_transfer`, `waktu_konfirmasi`) VALUES
(2, 19, 'Rp 1,278,000', 1, 'Robby Prihandaya', '2017-06-02', '00011.jpg', '2017-06-02 15:19:40'),
(3, 43, 'Rp 4,799,000', 0, 'Dewiit Safitri ', '2017-06-04', '0755.png', '2017-06-04 11:27:01'),
(5, 47, 'Rp 728,000', 1, 'Agus Raharjo', '2017-06-07', '1.png', '2017-06-07 21:06:06'),
(6, 57, 'Rp 945,900', 1, 'Robby Prihandaya', '2018-12-11', '', '2018-12-11 14:01:05'),
(7, 57, 'Rp 945,900', 1, 'Robby Prihandaya', '2018-12-11', '', '2018-12-11 14:02:22'),
(8, 57, 'Rp 945,900', 1, 'Robby Prihandaya', '2018-12-11', 'zhe_mandiri_logo.png', '2018-12-11 14:03:11'),
(9, 61, 'Rp 110,900', 1, 'Robby Prihandaya', '2018-12-23', 'bukti_transfer_phpmu1.jpeg', '2018-12-23 07:39:30'),
(10, 85, 'Rp 776,000', 2, 'Robby Prihandaya', '2019-03-21', 'bukti_transfer3.jpg', '2019-03-21 12:04:31'),
(11, 86, 'Rp 141,000', 1, 'Robby Prihandaya', '2019-03-21', 'IMG-20190217-WA0002.jpg', '2019-03-21 12:09:00'),
(12, 87, 'Rp 82,000', 1, 'Muhammad Arsenio', '2019-03-21', 'IMG-20190115-WA0013.jpg', '2019-03-21 12:11:56'),
(13, 106, 'Rp 776,000', 1, 'Robby Prihandaya', '2019-07-03', 'Screenshot.png', '2019-07-03 07:45:36'),
(14, 143, 'Rp 800,000', 0, 'gfjhgjkhgj', '2021-06-11', '', '2021-06-11 08:32:33'),
(15, 144, 'Rp 400,000', 0, 'ilhamm', '2021-06-11', 'Login_SISAPRA.PNG', '2021-06-11 10:02:19'),
(19, 148, 'Rp 400,200', 2, 'ilham', '2021-06-25', 'apotek1.jpg', '2021-06-25 00:01:07'),
(20, 148, 'Rp 400,000', 2, 'd cd', '2021-06-25', 'apotek2.jpg', '2021-06-25 00:30:55'),
(21, 148, 'Rp 400,000', 2, 'ilham', '2021-06-25', 'apotek3.jpg', '2021-06-25 00:47:00'),
(22, 151, 'Rp 250,000', 2, 'ilham', '2021-06-25', 'apotek4.jpg', '2021-06-25 01:16:02');

-- --------------------------------------------------------

--
-- Table structure for table `rb_kota`
--

CREATE TABLE `rb_kota` (
  `kota_id` int(11) NOT NULL,
  `provinsi_id` int(11) NOT NULL,
  `nama_kota` varchar(100) NOT NULL
) ENGINE=MyISAM DEFAULT CHARSET=latin1;

--
-- Dumping data for table `rb_kota`
--

INSERT INTO `rb_kota` (`kota_id`, `provinsi_id`, `nama_kota`) VALUES
(428, 9, 'Subang'),
(209, 10, 'Kudus'),
(249, 10, 'Magelang'),
(250, 10, 'Magelang'),
(344, 10, 'Pati'),
(348, 10, 'Pekalongan'),
(349, 10, 'Pekalongan'),
(352, 10, 'Pemalang'),
(375, 10, 'Purbalingga'),
(377, 10, 'Purworejo'),
(380, 10, 'Rembang'),
(386, 10, 'Salatiga'),
(51, 11, 'Batu'),
(1, 2, 'Subang');

-- --------------------------------------------------------

--
-- Table structure for table `rb_pembayaran_bonus`
--

CREATE TABLE `rb_pembayaran_bonus` (
  `id_pembayaran_bonus` int(10) NOT NULL,
  `username` varchar(60) NOT NULL,
  `nominal_bayar` int(10) NOT NULL,
  `waktu_bayar` date NOT NULL
) ENGINE=MyISAM DEFAULT CHARSET=latin1;

--
-- Dumping data for table `rb_pembayaran_bonus`
--

INSERT INTO `rb_pembayaran_bonus` (`id_pembayaran_bonus`, `username`, `nominal_bayar`, `waktu_bayar`) VALUES
(1, 'arsenio', 50000, '2017-04-11'),
(2, 'robby', 70000, '2017-04-11');

-- --------------------------------------------------------

--
-- Table structure for table `rb_pembelian`
--

CREATE TABLE `rb_pembelian` (
  `id_pembelian` int(11) NOT NULL,
  `kode_pembelian` varchar(50) NOT NULL,
  `id_supplier` int(11) NOT NULL,
  `waktu_beli` datetime NOT NULL
) ENGINE=MyISAM DEFAULT CHARSET=latin1;

--
-- Dumping data for table `rb_pembelian`
--

INSERT INTO `rb_pembelian` (`id_pembelian`, `kode_pembelian`, `id_supplier`, `waktu_beli`) VALUES
(1, 'PO-0001', 1, '2017-05-23 10:13:05'),
(2, 'PO-0002', 2, '2017-05-24 07:05:11'),
(3, 'PO-0003', 1, '2017-05-27 14:58:50'),
(5, 'PO-0004', 1, '2017-05-30 09:30:02'),
(6, 'PO-0005', 1, '2017-06-01 10:29:39');

-- --------------------------------------------------------

--
-- Table structure for table `rb_pembelian_detail`
--

CREATE TABLE `rb_pembelian_detail` (
  `id_pembelian_detail` int(11) NOT NULL,
  `id_pembelian` int(11) NOT NULL,
  `id_kost` int(11) NOT NULL,
  `harga_pesan` int(11) NOT NULL,
  `jumlah_pesan` int(11) NOT NULL,
  `satuan` varchar(50) NOT NULL
) ENGINE=MyISAM DEFAULT CHARSET=latin1;

--
-- Dumping data for table `rb_pembelian_detail`
--

INSERT INTO `rb_pembelian_detail` (`id_pembelian_detail`, `id_pembelian`, `id_kost`, `harga_pesan`, `jumlah_pesan`, `satuan`) VALUES
(1, 1, 1, 260000, 100, 'pcs'),
(2, 1, 2, 455000, 150, 'pcs'),
(3, 2, 1, 255000, 235, 'pcs'),
(5, 2, 2, 3000000, 58, 'pcs'),
(9, 3, 1, 600000, 3, 'pcs'),
(7, 3, 2, 3000000, 43, 'pcs'),
(12, 5, 6, 320000, 25, 'unit'),
(13, 5, 5, 6990000, 10, 'unit'),
(14, 5, 4, 1000000, 45, 'unit'),
(16, 6, 13, 45900, 16, 'pcs'),
(17, 6, 12, 490000, 12, 'unit'),
(18, 6, 11, 8299000, 10, 'pcs'),
(19, 6, 9, 584000, 15, 'unit'),
(20, 6, 8, 275000, 6, 'unit'),
(21, 6, 7, 879000, 11, 'unit'),
(22, 6, 3, 14998000, 1, 'unit'),
(23, 6, 0, 0, 0, ''),
(26, 8, 13, 55000, 8, 'pcs'),
(27, 9, 13, 55000, 13, 'pcs');

-- --------------------------------------------------------

--
-- Table structure for table `rb_pencairan_bonus`
--

CREATE TABLE `rb_pencairan_bonus` (
  `id_pencairan_bonus` int(11) NOT NULL,
  `id_pemilik` int(11) NOT NULL,
  `bonus_referral` int(11) NOT NULL,
  `waktu_pencairan` datetime NOT NULL
) ENGINE=MyISAM DEFAULT CHARSET=latin1;

--
-- Dumping data for table `rb_pencairan_bonus`
--

INSERT INTO `rb_pencairan_bonus` (`id_pencairan_bonus`, `id_pemilik`, `bonus_referral`, `waktu_pencairan`) VALUES
(2, 1, 20000, '2017-06-04 13:39:15'),
(4, 1, 24450, '2019-03-22 08:18:17');

-- --------------------------------------------------------

--
-- Table structure for table `rb_pencairan_reward`
--

CREATE TABLE `rb_pencairan_reward` (
  `id_pencairan_reward` int(11) NOT NULL,
  `id_pemilik` int(11) NOT NULL,
  `id_reward` int(11) NOT NULL,
  `reward_date` varchar(10) NOT NULL,
  `waktu_pencairan` datetime NOT NULL
) ENGINE=MyISAM DEFAULT CHARSET=latin1;

--
-- Dumping data for table `rb_pencairan_reward`
--

INSERT INTO `rb_pencairan_reward` (`id_pencairan_reward`, `id_pemilik`, `id_reward`, `reward_date`, `waktu_pencairan`) VALUES
(5, 2, 1, '2019-03', '2019-03-22 09:12:01');

-- --------------------------------------------------------

--
-- Table structure for table `rb_penjualan`
--

CREATE TABLE `rb_penjualan` (
  `id_penjualan` int(11) NOT NULL,
  `kode_transaksi` varchar(50) NOT NULL,
  `id_pembeli` int(11) NOT NULL,
  `id_penjual` int(11) NOT NULL DEFAULT 0,
  `status_pembeli` enum('reseller','konsumen') NOT NULL,
  `status_penjual` enum('admin','reseller') NOT NULL,
  `kurir` varchar(255) NOT NULL,
  `service` varchar(255) NOT NULL,
  `ongkir` int(11) NOT NULL,
  `waktu_transaksi` datetime NOT NULL,
  `proses` enum('0','1','2') NOT NULL
) ENGINE=MyISAM DEFAULT CHARSET=latin1;

--
-- Dumping data for table `rb_penjualan`
--

INSERT INTO `rb_penjualan` (`id_penjualan`, `kode_transaksi`, `id_pembeli`, `id_penjual`, `status_pembeli`, `status_penjual`, `kurir`, `service`, `ongkir`, `waktu_transaksi`, `proses`) VALUES
(151, 'TRX-20210625011542', 28, 10, 'konsumen', 'reseller', '', '', 0, '2021-06-25 01:15:42', '1'),
(150, 'TRX-20210625011423', 10, 1, 'reseller', 'admin', '', 'Stok Otomatis (Pribadi)', 0, '2021-06-25 01:14:23', '1'),
(149, 'TRX-20210625011328', 10, 1, 'reseller', 'admin', '', 'Stok Otomatis (Pribadi)', 0, '2021-06-25 01:13:28', '1');

-- --------------------------------------------------------

--
-- Table structure for table `rb_penjualan_detail`
--

CREATE TABLE `rb_penjualan_detail` (
  `id_penjualan_detail` int(11) NOT NULL,
  `id_penjualan` int(11) NOT NULL,
  `id_kost` int(11) NOT NULL,
  `jumlah` int(11) NOT NULL,
  `diskon` int(11) NOT NULL,
  `harga_jual` int(11) NOT NULL,
  `satuan` varchar(50) NOT NULL
) ENGINE=MyISAM DEFAULT CHARSET=latin1;

--
-- Dumping data for table `rb_penjualan_detail`
--

INSERT INTO `rb_penjualan_detail` (`id_penjualan_detail`, `id_penjualan`, `id_kost`, `jumlah`, `diskon`, `harga_jual`, `satuan`) VALUES
(159, 92, 20, 7, 0, 57000, 'pcs'),
(158, 91, 13, 7, 0, 57000, 'pcs'),
(3, 2, 2, 3, 50000, 3200000, 'pcs'),
(5, 2, 1, 1, 0, 650000, 'pcs'),
(7, 3, 1, 2, 0, 650000, 'pcs'),
(8, 3, 2, 50, 120000, 3200000, 'pcs'),
(9, 4, 11, 5, 0, 8500000, 'pcs'),
(10, 4, 12, 10, 0, 500000, 'unit'),
(11, 4, 13, 15, 0, 55000, 'pcs'),
(12, 4, 9, 12, 0, 625000, 'unit'),
(13, 4, 8, 3, 0, 300000, 'unit'),
(14, 4, 7, 7, 0, 900000, 'unit'),
(15, 4, 6, 1, 0, 330000, 'unit'),
(16, 4, 5, 8, 0, 7100000, 'unit'),
(29, 10, 13, 1, 0, 65000, 'pcs'),
(126, 69, 1, 1, 0, 70000, 'pcs'),
(30, 10, 2, 1, 0, 3500000, 'pcs'),
(138, 75, 14, 10, 0, 95000, 'pcs'),
(32, 12, 2, 1, 0, 3500000, 'pcs'),
(33, 12, 1, 1, 0, 700000, 'pcs'),
(37, 14, 13, 5, 0, 55000, 'pcs'),
(38, 14, 4, 3, 0, 1110000, 'unit'),
(40, 15, 9, 2, 50000, 625000, 'unit'),
(41, 15, 12, 3, 0, 500000, 'unit'),
(127, 69, 8, 2, 0, 34500, 'unit'),
(137, 74, 1, 1, 0, 70000, 'pcs'),
(46, 19, 12, 1, 0, 608000, 'unit'),
(47, 19, 9, 1, 0, 670000, 'unit'),
(48, 20, 2, 1, 0, 3500000, 'pcs'),
(139, 76, 14, 2, 0, 95000, 'pcs'),
(136, 74, 13, 1, 0, 57000, 'pcs'),
(135, 73, 13, 1, 0, 57000, 'pcs'),
(134, 73, 1, 1, 0, 70000, 'pcs'),
(81, 43, 4, 1, 0, 1299000, 'unit'),
(79, 42, 2, 5, 0, 3200000, 'pcs'),
(80, 42, 4, 7, 0, 1110000, 'unit'),
(82, 43, 2, 1, 0, 3500000, 'pcs'),
(141, 78, 5, 1, 0, 755000, 'unit'),
(140, 77, 13, 10, 0, 60000, 'pcs'),
(142, 78, 14, 1, 0, 100000, 'pcs'),
(143, 79, 14, 1, 0, 100000, 'pcs'),
(144, 79, 4, 1, 0, 40900, 'unit'),
(95, 53, 13, 1, 0, 60000, 'pcs'),
(96, 53, 8, 1, 0, 345000, 'unit'),
(145, 79, 7, 1, 0, 89000, 'unit'),
(146, 79, 12, 1, 0, 23000, 'unit'),
(147, 80, 16, 4, 0, 0, 'asd'),
(103, 58, 6, 10, 0, 70000, 'unit'),
(111, 61, 13, 1, 0, 60000, 'pcs'),
(112, 61, 4, 1, 0, 40900, 'unit'),
(113, 62, 5, 1, 0, 755000, 'unit'),
(114, 63, 1, 1, 0, 70000, 'pcs'),
(115, 63, 12, 1, 0, 23000, 'unit'),
(123, 68, 3, 5, 0, 164980, 'unit'),
(122, 67, 4, 1, 0, 124900, 'unit'),
(124, 68, 9, 8, 0, 63500, 'unit'),
(148, 81, 17, 10, 0, 60000, 'pcs'),
(149, 82, 18, 5, 0, 720000, 'Unit'),
(150, 83, 19, 5, 0, 720000, 'Unit'),
(152, 85, 19, 1, 0, 759000, 'Unit'),
(153, 86, 17, 2, 0, 65000, 'pcs'),
(154, 87, 17, 1, 0, 65000, 'pcs'),
(155, 88, 12, 5, 0, 0, 'unit'),
(156, 89, 11, 10, 0, 0, 'pcs'),
(157, 90, 10, 3, 0, 0, 'pcs'),
(160, 93, 13, 3, 0, 57000, 'pcs'),
(161, 94, 20, 3, 0, 57000, 'pcs'),
(162, 95, 26, 5, 0, 34750000, 'Unit'),
(163, 96, 25, 6, 0, 21449000, 'Unit'),
(164, 97, 24, 2, 0, 21465000, 'Unit'),
(165, 98, 23, 1, 0, 31520000, 'Unit'),
(166, 99, 21, 12, 0, 13000000, 'Unit'),
(167, 100, 12, 1, 0, 66000, 'unit'),
(168, 101, 9, 1, 15000, 68500, 'unit'),
(172, 105, 11, 1, 0, 89000, 'pcs'),
(173, 106, 19, 1, 0, 759000, 'Unit'),
(174, 107, 25, 1, 0, 22449000, 'Unit'),
(175, 107, 21, 2, 0, 16500000, 'Unit'),
(176, 108, 26, 2, 0, 35750000, 'Unit'),
(177, 108, 21, 1, 0, 16500000, 'Unit'),
(178, 109, 11, 1, 0, 89000, 'pcs'),
(179, 109, 10, 1, 0, 59900, 'pcs'),
(180, 109, 12, 2, 0, 66000, 'unit'),
(181, 111, 19, 1, 0, 759000, 'Unit'),
(182, 112, 19, 1, 0, 759000, 'Unit'),
(188, 118, 20, 2, 0, 57000, 'pcs'),
(184, 114, 14, 1, 0, 100000, 'pcs'),
(185, 115, 26, 1, 0, 35750000, 'Unit'),
(186, 116, 25, 1, 0, 22449000, 'Unit'),
(187, 117, 13, 2, 0, 57000, 'pcs'),
(189, 119, 18, 4, 0, 720000, 'Unit'),
(190, 120, 28, 4, 0, 720000, 'Unit'),
(191, 121, 14, 1, 0, 100000, 'pcs'),
(195, 125, 14, 1, 0, 100000, 'pcs'),
(198, 128, 14, 1, 0, 100000, 'pcs'),
(199, 129, 14, 1, 0, 100000, 'pcs'),
(203, 133, 29, 10, 0, 0, 'M2'),
(206, 136, 30, 5, 0, 0, 'Unit'),
(217, 146, 31, 5, 0, 0, 'Perbulan'),
(218, 147, 32, 2, 0, 0, 'Perbulan'),
(221, 149, 33, 2, 0, 0, '1'),
(223, 151, 34, 1, 0, 250000, '2'),
(222, 150, 34, 2, 0, 0, '2');

-- --------------------------------------------------------

--
-- Table structure for table `rb_penjualan_temp`
--

CREATE TABLE `rb_penjualan_temp` (
  `id_penjualan_detail` int(11) NOT NULL,
  `session` varchar(50) NOT NULL,
  `id_kost` int(11) NOT NULL,
  `jumlah` int(11) NOT NULL,
  `diskon` int(11) DEFAULT NULL,
  `harga_jual` int(11) NOT NULL,
  `satuan` varchar(50) NOT NULL,
  `waktu_order` datetime NOT NULL
) ENGINE=MyISAM DEFAULT CHARSET=latin1;

--
-- Dumping data for table `rb_penjualan_temp`
--

INSERT INTO `rb_penjualan_temp` (`id_penjualan_detail`, `session`, `id_kost`, `jumlah`, `diskon`, `harga_jual`, `satuan`, `waktu_order`) VALUES
(7, 'TRX-20180812160418', 13, 1, 0, 60000, 'pcs', '2018-08-12 16:04:18'),
(8, 'TRX-20180812163525', 11, 1, 0, 8900000, 'pcs', '2018-08-12 16:35:25'),
(10, 'TRX-20180911095555', 6, 1, 0, 75000, 'unit', '2018-09-11 09:55:55'),
(11, 'TRX-20180911104512', 13, 1, 0, 60000, 'pcs', '2018-09-11 10:45:12'),
(12, 'TRX-20180911113613', 8, 1, 0, 34500, 'unit', '2018-09-11 11:36:13'),
(13, 'TRX-20180911114335', 5, 1, 0, 755000, 'unit', '2018-09-11 11:43:35'),
(14, 'TRX-20180911114532', 6, 1, 0, 75000, 'unit', '2018-09-11 11:45:32'),
(15, 'TRX-20180911120326', 5, 1, 0, 755000, 'unit', '2018-09-11 12:03:26'),
(16, 'TRX-20180912152157', 6, 1, 0, 75000, 'unit', '2018-09-12 15:21:57'),
(17, 'TRX-20180912182409', 7, 1, 0, 89000, 'unit', '2018-09-12 18:24:09'),
(18, 'TRX-20181221080543', 5, 1, 0, 755000, 'unit', '2018-12-21 08:05:43'),
(20, 'TRX-20181221080543', 12, 1, 0, 23000, 'unit', '2018-12-21 08:21:19'),
(21, 'TRX-20181222101726', 5, 1, 0, 755000, 'unit', '2018-12-22 10:17:26'),
(22, 'TRX-20181222101726', 11, 1, 0, 89000, 'pcs', '2018-12-22 10:17:44'),
(23, 'TRX-20181222101726', 4, 1, 0, 40900, 'unit', '2018-12-22 10:23:08'),
(33, 'TRX-20190203063622', 9, 1, 0, 53500, 'unit', '2019-02-03 06:36:22'),
(31, 'TRX-20181226094641', 13, 1, 0, 57000, 'pcs', '2018-12-26 09:46:41'),
(43, 'TRX-20190324190938', 14, 1, 0, 100000, 'pcs', '2019-03-24 19:09:38'),
(48, 'TRX-20190326080841', 14, 1, 0, 100000, 'pcs', '2019-03-26 08:08:41'),
(58, 'TRX-20210611054000', 29, 1, 0, 400000, 'Perbulan', '2021-06-11 05:40:00'),
(59, 'TRX-20210611054000', 30, 1, NULL, 300000, 'Perbulan', '2021-06-11 05:56:52');

-- --------------------------------------------------------

--
-- Table structure for table `rb_provinsi`
--

CREATE TABLE `rb_provinsi` (
  `provinsi_id` int(11) NOT NULL,
  `nama_provinsi` varchar(50) NOT NULL
) ENGINE=MyISAM DEFAULT CHARSET=latin1;

--
-- Dumping data for table `rb_provinsi`
--

INSERT INTO `rb_provinsi` (`provinsi_id`, `nama_provinsi`) VALUES
(1, 'Bali'),
(2, 'Bangka Belitung'),
(3, 'Banten'),
(4, 'Bengkulu'),
(5, 'DI Yogyakarta'),
(6, 'DKI Jakarta'),
(7, 'Gorontalo'),
(8, 'Jambi'),
(9, 'Jawa Barat'),
(10, 'Jawa Tengah'),
(11, 'Jawa Timur'),
(12, 'Kalimantan Barat'),
(13, 'Kalimantan Selatan'),
(14, 'Kalimantan Tengah'),
(15, 'Kalimantan Timur'),
(16, 'Kalimantan Utara'),
(17, 'Kepulauan Riau'),
(18, 'Lampung'),
(19, 'Maluku'),
(20, 'Maluku Utara'),
(21, 'Nanggroe Aceh Darussalam (NAD)'),
(22, 'Nusa Tenggara Barat (NTB)'),
(23, 'Nusa Tenggara Timur (NTT)'),
(24, 'Papua'),
(25, 'Papua Barat');

-- --------------------------------------------------------

--
-- Table structure for table `rb_rekening`
--

CREATE TABLE `rb_rekening` (
  `id_rekening` int(5) NOT NULL,
  `nama_bank` varchar(50) NOT NULL,
  `no_rekening` varchar(50) NOT NULL,
  `pemilik_rekening` varchar(150) NOT NULL
) ENGINE=MyISAM DEFAULT CHARSET=latin1;

--
-- Dumping data for table `rb_rekening`
--

INSERT INTO `rb_rekening` (`id_rekening`, `nama_bank`, `no_rekening`, `pemilik_rekening`) VALUES
(2, 'Bank Mandiri Syariah', '7128 5288 67', 'Siskost');

-- --------------------------------------------------------

--
-- Table structure for table `rb_rekening_reseller`
--

CREATE TABLE `rb_rekening_reseller` (
  `id_rekening_reseller` int(11) NOT NULL,
  `id_pemilik` int(11) NOT NULL,
  `nama_bank` varchar(50) NOT NULL,
  `no_rekening` varchar(50) NOT NULL,
  `pemilik_rekening` varchar(150) NOT NULL
) ENGINE=MyISAM DEFAULT CHARSET=latin1;

--
-- Dumping data for table `rb_rekening_reseller`
--

INSERT INTO `rb_rekening_reseller` (`id_rekening_reseller`, `id_pemilik`, `nama_bank`, `no_rekening`, `pemilik_rekening`) VALUES
(1, 2, 'Bank Danamon', '56234234000', 'Syarii Sentral'),
(2, 2, 'Bank BCA', '10823422', 'Syarii Sentral'),
(3, 3, 'Bank Mandiri', '234123123332', 'Kalifah Umayyah'),
(4, 10, 'Bank BRI', '123456789', 'a');

-- --------------------------------------------------------

--
-- Table structure for table `rb_reseller_cod`
--

CREATE TABLE `rb_reseller_cod` (
  `id_cod` int(11) NOT NULL,
  `id_pemilik` int(11) NOT NULL,
  `nama_alamat` varchar(255) NOT NULL,
  `biaya_cod` int(11) NOT NULL
) ENGINE=MyISAM DEFAULT CHARSET=latin1;

--
-- Dumping data for table `rb_reseller_cod`
--

INSERT INTO `rb_reseller_cod` (`id_cod`, `id_pemilik`, `nama_alamat`, `biaya_cod`) VALUES
(1, 1, 'Ulak Karang', 5500),
(2, 1, 'Tunggul Hitam', 6500),
(4, 1, 'Lubuk Begalung', 7600),
(5, 2, 'Ulak Karang', 0),
(6, 2, 'Air Tawar', 500);

-- --------------------------------------------------------

--
-- Table structure for table `rb_reward`
--

CREATE TABLE `rb_reward` (
  `id_reward` int(5) NOT NULL,
  `posisi` int(100) NOT NULL,
  `reward` varchar(255) NOT NULL
) ENGINE=MyISAM DEFAULT CHARSET=latin1;

-- --------------------------------------------------------

--
-- Table structure for table `rb_setting`
--

CREATE TABLE `rb_setting` (
  `id_setting` int(11) NOT NULL,
  `referral` int(11) NOT NULL,
  `tanggal_pencairan` varchar(11) NOT NULL,
  `aktif` enum('Y','N') NOT NULL
) ENGINE=MyISAM DEFAULT CHARSET=latin1;

--
-- Dumping data for table `rb_setting`
--

INSERT INTO `rb_setting` (`id_setting`, `referral`, `tanggal_pencairan`, `aktif`) VALUES
(1, 5, '1', 'Y');

-- --------------------------------------------------------

--
-- Table structure for table `rb_supplier`
--

CREATE TABLE `rb_supplier` (
  `id_supplier` int(11) NOT NULL,
  `nama_supplier` varchar(255) NOT NULL,
  `kontak_person` varchar(100) NOT NULL,
  `alamat_lengkap` text NOT NULL,
  `no_hp` varchar(15) NOT NULL,
  `alamat_email` varchar(100) NOT NULL,
  `kode_pos` int(10) NOT NULL,
  `no_telpon` varchar(15) NOT NULL,
  `fax` varchar(15) NOT NULL,
  `keterangan` text NOT NULL
) ENGINE=MyISAM DEFAULT CHARSET=latin1;

--
-- Dumping data for table `rb_supplier`
--

INSERT INTO `rb_supplier` (`id_supplier`, `nama_supplier`, `kontak_person`, `alamat_lengkap`, `no_hp`, `alamat_email`, `kode_pos`, `no_telpon`, `fax`, `keterangan`) VALUES
(1, 'PT. Elektronik Jaya Abadi', 'Muhammad Arsen', 'Jl. Siti Nurbayara, No 23 D, Tunggul Hitam, Padang', '082173054522', 'jaya.abadi@gmail.com', 56123, '0751461692', '0751461691', 'Tidak ada keterangan,..'),
(2, 'PT. Muda Hardware Sejahtera', 'Saiful Tanjung', 'Jl. Persada Ramayana, Ulak Karang, Padang', '098912334566', 'hardware.sejahtera@gmail.com', 87632, '075165321', '075165312', 'Tidak ada keterangan,..'),
(3, 'PT.Antasari Jaya Melajaya', 'Roberto Duransi', 'Jl. Kilometer Jaya Raya', '081288991244', 'roberto.melajaya@gmail.com', 12456, '0751890231', '0751890234', 'Tidak ada keterangan untuk supplier ini...');

-- --------------------------------------------------------

--
-- Table structure for table `sekilasinfo`
--

CREATE TABLE `sekilasinfo` (
  `id_sekilas` int(5) NOT NULL,
  `info` varchar(100) COLLATE latin1_general_ci NOT NULL,
  `tgl_posting` date NOT NULL,
  `gambar` varchar(100) COLLATE latin1_general_ci NOT NULL,
  `aktif` enum('Y','N') COLLATE latin1_general_ci NOT NULL DEFAULT 'Y'
) ENGINE=MyISAM DEFAULT CHARSET=latin1 COLLATE=latin1_general_ci;

--
-- Dumping data for table `sekilasinfo`
--

INSERT INTO `sekilasinfo` (`id_sekilas`, `info`, `tgl_posting`, `gambar`, `aktif`) VALUES
(1, 'Anak yang mengalami gangguan tidur, cenderung memakai obat2an dan alkohol berlebih saat dewasa.', '2015-04-11', '', 'Y'),
(2, 'WHO merilis, 30 persen anak di dunia kecanduan komputer dan menonton televisi.', '2015-03-16', '', 'Y'),
(3, 'Menurut peneliti di Detroit, orang yang selalu tersenyum lebar cenderung hidup lama.', '2015-04-17', '', 'Y'),
(4, 'Menurut United Stated Trade Representatives, 25% obat yang beredar di adalah palsu.', '2015-04-17', '', 'Y');

-- --------------------------------------------------------

--
-- Table structure for table `statistik`
--

CREATE TABLE `statistik` (
  `ip` varchar(20) NOT NULL DEFAULT '',
  `tanggal` date NOT NULL,
  `hits` int(10) NOT NULL DEFAULT 1,
  `online` varchar(255) NOT NULL
) ENGINE=MyISAM DEFAULT CHARSET=latin1;

--
-- Dumping data for table `statistik`
--

INSERT INTO `statistik` (`ip`, `tanggal`, `hits`, `online`) VALUES
('223.255.231.148', '2014-05-06', 1, '1399357334'),
('223.255.231.147', '2014-05-15', 3, '1400119147'),
('223.255.224.73', '2014-05-15', 12, '1400123797'),
('223.255.224.69', '2014-05-16', 2, '1400215103'),
('118.96.51.231', '2014-05-16', 19, '1400233044'),
('223.255.231.146', '2014-05-16', 2, '1400228049'),
('::1', '2014-06-20', 2, '1403230579'),
('::1', '2014-06-22', 8, '1403436591'),
('223.255.231.154', '2014-06-26', 1, '1403739948'),
('223.255.231.148', '2014-06-26', 6, '1403745715'),
('223.255.224.74', '2014-06-26', 1, '1403748060'),
('223.255.224.69', '2014-06-26', 1, '1403753239'),
('223.255.224.77', '2014-06-29', 1, '1404039342'),
('::1', '2014-07-02', 6, '1404277263'),
('127.0.0.1', '2014-07-17', 2, '1405582494'),
('127.0.0.1', '2014-07-21', 1, '1405929828'),
('36.76.60.43', '2014-07-21', 1, '1405951864'),
('223.255.231.154', '2014-07-21', 2, '1405957200'),
('223.255.227.21', '2014-07-22', 1, '1405995171'),
('223.255.231.146', '2014-07-22', 1, '1405997152'),
('223.255.227.21', '2014-07-23', 1, '1406100212'),
('223.255.227.17', '2014-07-23', 1, '1406104552'),
('223.255.227.23', '2014-07-24', 1, '1406168095'),
('223.255.231.153', '2014-07-24', 1, '1406204439'),
('223.255.231.146', '2014-07-25', 1, '1406268985'),
('180.76.5.193', '2014-08-06', 1, '1407302738'),
('180.76.5.23', '2014-08-06', 1, '1407304739'),
('202.67.36.241', '2014-08-06', 1, '1407305643'),
('198.148.27.22', '2014-08-06', 1, '1407306703'),
('180.251.170.42', '2014-08-06', 7, '1407310167'),
('128.199.171.191', '2014-08-06', 3, '1407323435'),
('223.255.231.149', '2014-08-06', 2, '1407309879'),
('223.255.227.28', '2014-08-06', 8, '1407311801'),
('103.24.49.242', '2014-08-06', 1, '1407312326'),
('223.255.231.146', '2014-08-06', 1, '1407313297'),
('180.214.233.34', '2014-08-06', 1, '1407321063'),
('66.249.77.87', '2014-08-06', 1, '1407323509'),
('223.255.227.30', '2014-08-06', 1, '1407325862'),
('180.254.207.13', '2014-08-06', 5, '1407330687'),
('114.79.13.199', '2014-08-06', 1, '1407336900'),
('202.152.199.34', '2014-08-06', 7, '1407337100'),
('180.76.6.21', '2014-08-07', 1, '1407347753'),
('114.79.13.55', '2014-08-07', 3, '1407354277'),
('114.125.41.136', '2014-08-07', 1, '1407352625'),
('180.76.6.147', '2014-08-07', 1, '1407355344'),
('180.76.6.64', '2014-08-07', 1, '1407367237'),
('69.171.247.116', '2014-08-07', 1, '1407379834'),
('69.171.247.119', '2014-08-07', 1, '1407379834'),
('69.171.247.114', '2014-08-07', 1, '1407379834'),
('69.171.247.115', '2014-08-07', 1, '1407379834'),
('202.67.34.29', '2014-08-07', 2, '1407380415'),
('36.76.52.112', '2014-08-07', 1, '1407380496'),
('223.255.231.145', '2014-08-07', 5, '1407387045'),
('223.255.231.153', '2014-08-07', 2, '1407388883'),
('223.255.227.27', '2014-08-07', 1, '1407393087'),
('180.76.5.25', '2014-08-07', 1, '1407394749'),
('223.255.231.146', '2014-08-07', 1, '1407397183'),
('157.55.39.248', '2014-08-07', 1, '1407397231'),
('180.254.200.55', '2014-08-07', 2, '1407399466'),
('110.139.67.15', '2014-08-07', 8, '1407399221'),
('180.242.17.64', '2014-08-07', 11, '1407414373'),
('141.0.8.59', '2014-08-07', 1, '1407412384'),
('110.76.149.91', '2014-08-07', 1, '1407422367'),
('223.255.231.151', '2014-08-07', 3, '1407426943'),
('82.145.209.206', '2014-08-07', 1, '1407430369'),
('223.255.227.28', '2014-08-08', 3, '1407469589'),
('66.93.156.50', '2014-08-08', 1, '1407472340'),
('202.62.17.47', '2014-08-08', 1, '1407484393'),
('36.70.135.163', '2014-08-08', 6, '1407485987'),
('173.252.74.115', '2014-08-08', 1, '1407485153'),
('118.96.58.136', '2014-08-08', 2, '1407486347'),
('114.79.29.68', '2014-08-08', 1, '1407502537'),
('66.220.156.113', '2014-08-08', 1, '1407503375'),
('112.215.66.79', '2014-08-08', 1, '1407503381'),
('125.163.113.156', '2014-08-08', 9, '1407508824'),
('180.76.5.94', '2014-08-08', 1, '1407508624'),
('120.172.9.192', '2014-08-08', 1, '1407515634'),
('202.67.41.51', '2014-08-08', 1, '1407515702'),
('180.253.243.222', '2014-08-09', 1, '1407542724'),
('36.75.224.20', '2014-08-09', 1, '1407548005'),
('180.76.5.65', '2014-08-09', 1, '1407548865'),
('66.249.77.77', '2014-08-09', 2, '1407582711'),
('180.76.6.137', '2014-08-09', 1, '1407553037'),
('66.249.77.87', '2014-08-09', 1, '1407554836'),
('66.249.77.97', '2014-08-09', 2, '1407562640'),
('120.177.44.126', '2014-08-09', 2, '1407558625'),
('223.255.231.145', '2014-08-09', 3, '1407558663'),
('36.73.64.113', '2014-08-09', 1, '1407558640'),
('36.72.187.12', '2014-08-09', 1, '1407560351'),
('202.67.41.51', '2014-08-09', 1, '1407561096'),
('114.125.60.68', '2014-08-09', 4, '1407561514'),
('202.67.40.50', '2014-08-09', 1, '1407562007'),
('180.76.6.136', '2014-08-09', 1, '1407562581'),
('110.232.81.2', '2014-08-09', 5, '1407563275'),
('146.185.28.59', '2014-08-09', 1, '1407564768'),
('120.174.157.139', '2014-08-09', 1, '1407568139'),
('223.255.227.23', '2014-08-09', 2, '1407570163'),
('193.105.210.119', '2014-08-09', 1, '1407577518'),
('125.162.57.66', '2014-08-09', 2, '1407579822'),
('180.241.163.1', '2014-08-09', 8, '1407580493'),
('36.76.44.163', '2014-08-09', 6, '1407603574'),
('180.76.5.144', '2014-08-09', 1, '1407582757'),
('107.167.103.40', '2014-08-09', 1, '1407586189'),
('36.68.48.23', '2014-08-09', 1, '1407586974'),
('192.99.218.151', '2014-08-09', 4, '1407587574'),
('36.74.55.24', '2014-08-09', 3, '1407589161'),
('118.97.212.184', '2014-08-09', 8, '1407595169'),
('36.72.114.118', '2014-08-09', 2, '1407597684'),
('180.76.5.153', '2014-08-09', 1, '1407602870'),
('180.76.5.59', '2014-08-09', 1, '1407603153'),
('180.76.5.18', '2014-08-10', 1, '1407606581'),
('180.254.155.156', '2014-08-10', 2, '1407607003'),
('180.76.6.42', '2014-08-10', 1, '1407608363'),
('36.68.242.217', '2014-08-10', 5, '1407627100'),
('66.249.77.77', '2014-08-10', 2, '1407633623'),
('202.67.44.64', '2014-08-10', 1, '1407629598'),
('180.76.6.43', '2014-08-10', 1, '1407631270'),
('118.97.212.182', '2014-08-10', 4, '1407632228'),
('139.0.102.140', '2014-08-10', 1, '1407633944'),
('66.249.77.87', '2014-08-10', 1, '1407636902'),
('66.249.77.97', '2014-08-10', 1, '1407639983'),
('180.76.6.159', '2014-08-10', 1, '1407640798'),
('118.97.212.181', '2014-08-10', 3, '1407642556'),
('36.68.46.37', '2014-08-10', 2, '1407642940'),
('180.76.5.69', '2014-08-10', 1, '1407645158'),
('180.76.5.80', '2014-08-10', 1, '1407648268'),
('180.76.5.143', '2014-08-10', 1, '1407650068'),
('223.255.231.145', '2014-08-10', 1, '1407650216'),
('180.76.6.149', '2014-08-10', 1, '1407657020'),
('36.77.183.218', '2014-08-10', 2, '1407657119'),
('127.0.0.1', '2014-08-10', 2, '1407660057'),
('127.0.0.1', '2014-08-11', 2, '1407725194'),
('127.0.0.1', '2014-08-12', 1, '1407862185'),
('127.0.0.1', '2014-08-13', 1, '1407899819'),
('127.0.0.1', '2014-08-17', 44, '1408287630'),
('127.0.0.1', '2014-08-18', 253, '1408372590'),
('127.0.0.1', '2014-08-19', 4, '1408413702'),
('::1', '2014-08-19', 90, '1408433250'),
('::1', '2014-08-31', 1, '1409487043'),
('::1', '2015-03-11', 11, '1426061663'),
('::1', '2015-03-12', 1, '1426114982'),
('::1', '2015-03-15', 32, '1426430637'),
('::1', '2015-03-18', 137, '1426666506'),
('::1', '2015-03-19', 143, '1426751746'),
('::1', '2015-03-21', 198, '1426912294'),
('::1', '2015-03-22', 554, '1427039069'),
('127.0.0.1', '2015-03-22', 1, '1427030317'),
('::1', '2015-03-23', 275, '1427093113'),
('::1', '2015-03-24', 42, '1427179474'),
('::1', '2015-03-25', 45, '1427251499'),
('39.225.164.2', '2015-05-14', 7, '1431584409'),
('119.110.72.130', '2015-05-14', 30, '1431595368'),
('89.145.95.2', '2015-05-14', 1, '1431582645'),
('66.220.158.118', '2015-05-14', 1, '1431582842'),
('66.220.158.115', '2015-05-14', 1, '1431582852'),
('66.220.158.112', '2015-05-14', 3, '1431595371'),
('66.220.158.119', '2015-05-14', 1, '1431582942'),
('114.125.43.185', '2015-05-14', 5, '1431602132'),
('119.110.72.130', '2015-05-15', 1, '1431673658'),
('114.125.45.206', '2015-05-16', 18, '1431741581'),
('66.220.158.116', '2015-05-16', 1, '1431741049'),
('66.220.158.118', '2015-05-16', 1, '1431741224'),
('66.220.158.114', '2015-05-16', 1, '1431741233'),
('39.229.6.148', '2015-05-16', 11, '1431791037'),
('39.225.236.155', '2015-05-17', 8, '1431862096'),
('119.110.72.130', '2015-05-19', 6, '1432006569'),
('89.145.95.42', '2015-05-19', 2, '1432006661'),
('114.121.133.117', '2015-05-19', 3, '1432046663'),
('124.195.114.65', '2015-05-28', 16, '1432832381'),
('66.220.158.119', '2015-05-28', 1, '1432831000'),
('66.220.158.115', '2015-05-28', 1, '1432831013'),
('66.220.158.116', '2015-05-28', 1, '1432832385'),
('124.195.114.65', '2015-05-29', 77, '1432836214'),
('66.220.158.113', '2015-05-29', 1, '1432835961'),
('66.249.84.178', '2015-05-29', 1, '1432836220'),
('103.246.200.14', '2015-05-29', 1, '1432851867'),
('103.246.200.59', '2015-05-29', 1, '1432851916'),
('114.124.5.250', '2015-05-29', 6, '1432852876'),
('173.252.105.114', '2015-05-29', 1, '1432852770'),
('120.180.175.150', '2015-05-29', 36, '1432864082'),
('103.246.200.50', '2015-05-29', 1, '1432863615'),
('103.246.200.1', '2015-05-29', 1, '1432863650'),
('103.246.200.33', '2015-05-29', 1, '1432863711'),
('103.246.200.44', '2015-05-29', 1, '1432863795'),
('120.174.144.115', '2015-05-29', 1, '1432908445'),
('119.110.72.130', '2015-05-29', 27, '1432912022'),
('173.252.90.117', '2015-05-29', 1, '1432910852'),
('173.252.90.116', '2015-05-29', 1, '1432910873'),
('173.252.90.118', '2015-05-29', 1, '1432911344'),
('173.252.90.122', '2015-05-29', 1, '1432911470'),
('66.249.84.190', '2015-05-30', 1, '1432945579'),
('39.254.117.222', '2015-05-30', 1, '1432991226'),
('66.249.84.178', '2015-05-31', 1, '1433037242'),
('120.176.92.190', '2015-06-01', 3, '1433128955'),
('66.102.6.210', '2015-06-01', 1, '1433134430'),
('120.164.44.28', '2015-06-01', 13, '1433149419'),
('124.195.118.227', '2015-06-01', 1, '1433170960'),
('120.177.28.244', '2015-06-02', 8, '1433220043'),
('66.249.84.190', '2015-06-02', 1, '1433247837'),
('120.190.75.179', '2015-06-03', 7, '1433302768'),
('119.110.72.130', '2015-06-03', 4, '1433302761'),
('89.145.95.2', '2015-06-03', 1, '1433302690'),
('66.249.71.147', '2015-06-07', 46, '1433696370'),
('66.249.71.130', '2015-06-07', 30, '1433696150'),
('66.249.71.164', '2015-06-07', 37, '1433696154'),
('173.252.74.113', '2015-06-07', 8, '1433694061'),
('173.252.74.117', '2015-06-07', 3, '1433676319'),
('66.249.64.57', '2015-06-07', 1, '1433674283'),
('173.252.88.89', '2015-06-07', 5, '1433677999'),
('173.252.88.86', '2015-06-07', 2, '1433677597'),
('173.252.74.119', '2015-06-07', 7, '1433694862'),
('66.249.79.117', '2015-06-07', 1, '1433674983'),
('173.252.88.84', '2015-06-07', 2, '1433676738'),
('173.252.74.115', '2015-06-07', 3, '1433676460'),
('173.252.74.114', '2015-06-07', 2, '1433694204'),
('173.252.74.118', '2015-06-07', 3, '1433676180'),
('173.252.74.112', '2015-06-07', 5, '1433695314'),
('173.252.88.85', '2015-06-07', 2, '1433677804'),
('173.252.88.90', '2015-06-07', 1, '1433676251'),
('173.252.74.116', '2015-06-07', 5, '1433695249'),
('173.252.88.87', '2015-06-07', 2, '1433677488'),
('173.252.88.88', '2015-06-07', 1, '1433677370'),
('66.249.79.130', '2015-06-07', 1, '1433694848'),
('66.220.156.116', '2015-06-07', 2, '1433696197'),
('66.249.67.104', '2015-06-07', 1, '1433696147'),
('66.220.156.112', '2015-06-07', 2, '1433696173'),
('66.220.146.22', '2015-06-07', 1, '1433696162'),
('66.249.67.117', '2015-06-07', 1, '1433696288'),
('66.220.156.114', '2015-06-07', 1, '1433696309'),
('66.220.156.117', '2015-06-08', 3, '1433711204'),
('66.249.71.164', '2015-06-08', 32, '1433779112'),
('66.220.146.25', '2015-06-08', 2, '1433736854'),
('66.220.156.116', '2015-06-08', 2, '1433709422'),
('66.249.71.147', '2015-06-08', 29, '1433748751'),
('66.220.156.112', '2015-06-08', 4, '1433715007'),
('66.220.146.20', '2015-06-08', 1, '1433696744'),
('66.249.71.130', '2015-06-08', 38, '1433777391'),
('66.220.156.118', '2015-06-08', 2, '1433712628'),
('66.220.146.27', '2015-06-08', 1, '1433712556'),
('66.220.146.26', '2015-06-08', 1, '1433712746'),
('66.249.67.104', '2015-06-08', 4, '1433746797'),
('66.220.146.22', '2015-06-08', 1, '1433714244'),
('66.220.156.115', '2015-06-08', 2, '1433714821'),
('66.249.67.117', '2015-06-08', 2, '1433780504'),
('120.176.251.49', '2015-06-08', 2, '1433737104'),
('66.220.156.119', '2015-06-08', 1, '1433737457'),
('66.249.71.147', '2015-06-09', 3, '1433836081'),
('66.249.71.130', '2015-06-09', 4, '1433835126'),
('66.249.67.104', '2015-06-09', 1, '1433788622'),
('66.249.71.164', '2015-06-09', 1, '1433823064'),
('66.249.71.130', '2015-06-10', 5, '1433953790'),
('66.249.67.117', '2015-06-10', 1, '1433911605'),
('66.249.71.164', '2015-06-10', 3, '1433954890'),
('66.249.71.147', '2015-06-10', 2, '1433953573'),
('66.249.71.147', '2015-06-11', 1, '1433957808'),
('66.249.71.164', '2015-06-11', 2, '1433990805'),
('68.180.228.104', '2015-06-11', 1, '1433975257'),
('66.249.71.130', '2015-06-11', 1, '1433991891'),
('36.68.28.19', '2015-06-14', 5, '1434224041'),
('120.164.46.127', '2015-06-14', 2, '1434239557'),
('66.249.67.248', '2015-06-15', 1, '1434362861'),
('104.193.10.50', '2015-06-15', 3, '1434372762'),
('104.193.10.50', '2015-06-16', 2, '1434454308'),
('36.80.234.114', '2015-06-16', 4, '1434443273'),
('173.252.74.115', '2015-06-16', 1, '1434443264'),
('173.252.74.114', '2015-06-16', 1, '1434443279'),
('119.110.72.130', '2015-06-16', 1, '1434467216'),
('124.195.116.71', '2015-06-17', 3, '1434551738'),
('120.184.130.21', '2015-06-27', 1, '1435386862'),
('66.249.84.246', '2015-06-27', 1, '1435387150'),
('120.176.176.106', '2015-06-28', 7, '1435461088'),
('66.220.158.114', '2015-06-28', 1, '1435461007'),
('66.249.84.129', '2015-06-28', 1, '1435466083'),
('66.249.84.246', '2015-06-29', 2, '1435563211'),
('66.249.84.252', '2015-06-29', 1, '1435563206'),
('66.249.84.246', '2015-06-30', 3, '1435677685'),
('66.249.84.252', '2015-06-30', 1, '1435645799'),
('66.249.84.252', '2015-07-01', 1, '1435710707'),
('66.249.84.129', '2015-07-01', 1, '1435711780'),
('120.177.18.200', '2015-07-02', 1, '1435824891'),
('::1', '2015-11-25', 15, '1448407930'),
('::1', '2015-12-01', 12, '1448944568'),
('::1', '2015-12-03', 9, '1449138520'),
('::1', '2015-12-05', 26, '1449279360'),
('::1', '2015-12-07', 4, '1449442678'),
('::1', '2015-12-08', 8, '1449532582'),
('::1', '2015-12-13', 31, '1449974628'),
('::1', '2015-12-18', 9, '1450418535'),
('::1', '2015-12-21', 10, '1450654644'),
('::1', '2015-12-24', 3, '1450917714'),
('::1', '2015-12-25', 4, '1451037761'),
('::1', '2015-12-26', 5, '1451086546'),
('::1', '2016-01-01', 1, '1451626224'),
('::1', '2016-01-12', 2, '1452564572'),
('::1', '2016-01-16', 7, '1452913899'),
('::1', '2016-01-17', 150, '1453036730'),
('::1', '2016-07-24', 24, '1469318037'),
('::1', '2016-07-29', 1, '1469767572'),
('::1', '2016-07-31', 1, '1469936872'),
('::1', '2016-08-01', 14, '1470019073'),
('::1', '2016-08-12', 4, '1470940786'),
('::1', '2016-08-14', 3, '1471191885'),
('::1', '2016-08-22', 5, '1471851644'),
('::1', '2016-08-26', 4, '1472207940'),
('::1', '2016-08-29', 9, '1472475500'),
('::1', '2016-08-30', 1, '1472531831'),
('::1', '2016-09-13', 4, '1473760584'),
('::1', '2016-09-16', 7, '1473998550'),
('::1', '2016-09-17', 3, '1474076080'),
('::1', '2016-09-20', 4, '1474335445'),
('::1', '2016-09-21', 5, '1474470987'),
('::1', '2016-09-26', 8, '1474866854'),
('::1', '2016-11-21', 20, '1479719811'),
('::1', '2016-11-22', 26, '1479795839'),
('::1', '2016-12-24', 1, '1482592503'),
('::1', '2016-12-23', 2, '1482451494'),
('::1', '2016-12-20', 7, '1482205377'),
('::1', '2016-12-14', 4, '1481717872'),
('::1', '2016-12-13', 24, '1481593512'),
('::1', '2016-12-09', 1, '1481243159'),
('::1', '2016-12-03', 3, '1480741491'),
('::1', '2016-11-28', 32, '1480303392'),
('::1', '2016-11-27', 2, '1480224412'),
('::1', '2016-11-24', 403, '1479984680'),
('::1', '2016-11-23', 2, '1479913316'),
('::1', '2017-01-03', 9, '1483421812'),
('::1', '2017-01-04', 2, '1483534977'),
('::1', '2017-01-05', 3, '1483627230'),
('::1', '2017-01-14', 1, '1484352852'),
('::1', '2017-01-17', 3, '1484663823'),
('::1', '2017-01-25', 12, '1485359750'),
('::1', '2017-01-26', 37, '1485414680'),
('::1', '2017-01-27', 70, '1485508785'),
('::1', '2017-01-28', 1, '1485567010'),
('::1', '2017-02-04', 1, '1486213804'),
('::1', '2017-02-09', 14, '1486659480'),
('::1', '2017-02-10', 3, '1486684650'),
('::1', '2017-02-11', 11, '1486773431'),
('::1', '2017-02-12', 6, '1486869838'),
('::1', '2017-02-13', 5, '1486995163'),
('::1', '2017-02-15', 3, '1487123924'),
('::1', '2017-02-21', 1, '1487659967'),
('::1', '2017-02-23', 7, '1487832476'),
('::1', '2017-02-26', 4, '1488064851'),
('::1', '2017-03-13', 44, '1489366890'),
('::1', '2017-03-17', 24, '1489744337'),
('::1', '2017-03-20', 1, '1489988038'),
('::1', '2017-03-25', 1, '1490413626'),
('::1', '2017-03-29', 7, '1490744633'),
('::1', '2017-04-02', 1, '1491122695'),
('::1', '2017-04-06', 56, '1491462329'),
('::1', '2017-04-07', 59, '1491524075'),
('::1', '2017-04-09', 20, '1491711058'),
('::1', '2017-04-11', 9, '1491877995'),
('::1', '2017-04-12', 124, '1492006218'),
('::1', '2017-04-13', 53, '1492088580'),
('::1', '2017-05-14', 133, '1494767093'),
('::1', '2017-05-20', 167, '1495299592'),
('::1', '2017-05-21', 234, '1495359950'),
('::1', '2018-04-19', 1, '1524111568'),
('::1', '2018-04-21', 1, '1524249582'),
('::1', '2018-04-24', 19, '1524509093'),
('::1', '2018-05-04', 13, '1525441129'),
('::1', '2018-05-05', 36, '1525494921'),
('::1', '2018-05-06', 5, '1525614861'),
('::1', '2018-05-11', 15, '1525998298'),
('::1', '2018-05-18', 4, '1526611139'),
('::1', '2018-05-19', 6, '1526701697'),
('::1', '2018-05-20', 13, '1526833607'),
('::1', '2018-05-22', 13, '1526947912'),
('::1', '2018-05-23', 16, '1527056425'),
('::1', '2018-05-31', 1, '1527743948'),
('::1', '2018-06-01', 2, '1527815549'),
('::1', '2018-06-03', 191, '1528045141'),
('::1', '2018-06-04', 100, '1528127678'),
('::1', '2018-12-11', 315, '1544522200'),
('::1', '2018-12-21', 68, '1545398144'),
('::1', '2018-12-22', 81, '1545450822'),
('::1', '2018-12-23', 310, '1545529051'),
('::1', '2018-12-26', 70, '1545792411'),
('::1', '2018-12-28', 21, '1545959894'),
('::1', '2019-01-01', 40, '1546327662'),
('::1', '2019-01-11', 1, '1547192056'),
('::1', '2019-01-15', 1, '1547535461'),
('::1', '2019-02-03', 21, '1549151755'),
('::1', '2019-02-08', 2, '1549583794'),
('::1', '2019-02-14', 5, '1550143909'),
('::1', '2019-02-16', 139, '1550293098'),
('::1', '2019-02-17', 12, '1550360900'),
('::1', '2019-02-18', 9, '1550451537'),
('::1', '2019-02-19', 11, '1550552634'),
('::1', '2019-02-20', 115, '1550632680'),
('::1', '2019-02-20', 115, '1550632680'),
('::1', '2019-02-22', 83, '1550824388'),
('::1', '2019-02-23', 143, '1550910213'),
('::1', '2019-03-03', 2, '1551627040'),
('::1', '2019-03-05', 1, '1551794436'),
('::1', '2019-03-21', 127, '1553174723'),
('::1', '2019-03-22', 25, '1553221802'),
('::1', '2019-03-23', 255, '1553343322'),
('::1', '2019-03-24', 151, '1553429554'),
('::1', '2019-03-25', 292, '1553521395'),
('::1', '2019-03-26', 236, '1553603754'),
('::1', '2019-03-27', 135, '1553688661'),
('::1', '2019-07-03', 36, '1562116358'),
('::1', '2019-07-05', 1, '1562284598'),
('::1', '2019-07-14', 2, '1563088030'),
('::1', '2019-08-03', 2, '1564790513'),
('::1', '2019-08-10', 1, '1565406009'),
('::1', '2019-08-17', 20, '1566001489'),
('::1', '2019-08-31', 58, '1567260005'),
('::1', '2019-09-01', 181, '1567296028'),
('::1', '2019-09-05', 15, '1567643036'),
('::1', '2019-09-07', 34, '1567844461'),
('::1', '2019-09-08', 51, '1567913869'),
('::1', '2019-09-11', 24, '1568161499'),
('::1', '2019-12-03', 35, '1575348564'),
('::1', '2019-12-21', 4, '1576910575'),
('::1', '2019-12-27', 1, '1577405560'),
('::1', '2020-01-03', 1, '1578006463'),
('::1', '2020-04-20', 3, '1587375762'),
('::1', '2020-04-29', 4, '1588153099'),
('::1', '2020-04-30', 2, '1588209547'),
('::1', '2020-05-04', 9, '1588562635'),
('::1', '2020-05-06', 1, '1588725736'),
('::1', '2020-05-07', 16, '1588815744'),
('::1', '2020-05-17', 3, '1589685726'),
('::1', '2020-05-29', 1, '1590712474'),
('::1', '2020-06-05', 26, '1591354064'),
('::1', '2020-06-06', 1, '1591413973'),
('::1', '2020-06-09', 31, '1591668223'),
('::1', '2020-06-11', 3, '1591874593'),
('::1', '2020-06-12', 35, '1591933443'),
('::1', '2020-06-13', 5, '1592023726'),
('::1', '2020-06-14', 26, '1592111538'),
('::1', '2020-06-17', 7, '1592374115'),
('::1', '2020-06-18', 2, '1592450929'),
('::1', '2020-06-19', 63, '1592552859'),
('::1', '2020-06-20', 16, '1592630337'),
('::1', '2020-06-23', 9, '1592884753'),
('::1', '2020-06-25', 16, '1593079452'),
('::1', '2020-06-28', 45, '1593315597'),
('::1', '2020-07-02', 33, '1593674922'),
('::1', '2020-07-03', 18, '1593782119'),
('::1', '2020-07-04', 6, '1593848928'),
('::1', '2020-07-05', 93, '1593932590'),
('::1', '2020-07-07', 84, '1594107465'),
('::1', '2020-08-02', 17, '1596341510'),
('::1', '2021-05-20', 18, '1621512399'),
('::1', '2021-05-21', 95, '1621587113'),
('::1', '2021-05-22', 50, '1621693714'),
('::1', '2021-05-23', 56, '1621781994'),
('::1', '2021-05-24', 27, '1621865659'),
('::1', '2021-05-27', 83, '1622131560'),
('::1', '2021-05-28', 51, '1622187974'),
('::1', '2021-06-03', 12, '1622734867'),
('::1', '2021-06-04', 189, '1622780446'),
('::1', '2021-06-07', 18, '1623076461'),
('::1', '2021-06-08', 10, '1623166594'),
('::1', '2021-06-09', 4, '1623249794'),
('::1', '2021-06-10', 36, '1623342254'),
('::1', '2021-06-11', 84, '1623399117'),
('::1', '2021-06-16', 39, '1623849247'),
('::1', '2021-06-22', 1, '1624360666'),
('::1', '2021-06-24', 32, '1624553909'),
('::1', '2021-06-25', 114, '1624565085');

-- --------------------------------------------------------

--
-- Table structure for table `tag`
--

CREATE TABLE `tag` (
  `id_tag` int(5) NOT NULL,
  `nama_tag` varchar(100) COLLATE latin1_general_ci NOT NULL,
  `username` varchar(50) COLLATE latin1_general_ci NOT NULL,
  `tag_seo` varchar(100) COLLATE latin1_general_ci NOT NULL,
  `count` int(5) NOT NULL
) ENGINE=MyISAM DEFAULT CHARSET=latin1 COLLATE=latin1_general_ci;

-- --------------------------------------------------------

--
-- Table structure for table `tagvid`
--

CREATE TABLE `tagvid` (
  `id_tag` int(5) NOT NULL,
  `nama_tag` varchar(100) COLLATE latin1_general_ci NOT NULL,
  `username` varchar(50) COLLATE latin1_general_ci NOT NULL,
  `tag_seo` varchar(100) COLLATE latin1_general_ci NOT NULL,
  `count` int(5) NOT NULL
) ENGINE=MyISAM DEFAULT CHARSET=latin1 COLLATE=latin1_general_ci;

-- --------------------------------------------------------

--
-- Table structure for table `tbl_comment`
--

CREATE TABLE `tbl_comment` (
  `id_komentar` int(5) NOT NULL,
  `reply` int(5) NOT NULL,
  `nama_lengkap` varchar(150) NOT NULL,
  `alamat_email` varchar(150) NOT NULL,
  `isi_pesan` text NOT NULL,
  `tanggal_komentar` date NOT NULL,
  `jam_komentar` time NOT NULL
) ENGINE=MyISAM DEFAULT CHARSET=latin1;

--
-- Dumping data for table `tbl_comment`
--

INSERT INTO `tbl_comment` (`id_komentar`, `reply`, `nama_lengkap`, `alamat_email`, `isi_pesan`, `tanggal_komentar`, `jam_komentar`) VALUES
(1, 0, 'Robby Prihandaya', 'robby.prihandaya@gmail.com', 'Perubahan UUD 1945 yang membawa perubahan mendasar mengenai penyelengaraan kekuasaan kehakiman, membuat perlunya dilakukan perubahan secara komprehensif mengenai Undang-Undang Ketentuan-ketentuan Pokok Kekuasaan Kehakiman.								', '2014-11-19', '00:00:00'),
(2, 1, 'si anu', 'anu@gmail.com', 'Video bocah melakukan hubungan intim layaknya suami istri membuat geger. Guna mencegah hal-hal yang tidak diinginkan, polisi pun sudah melakukan penelusuran siapa orang di balik pembuatan video cabul tersebut.', '2014-11-19', '00:00:00'),
(3, 0, 'Rio Saputra', 'rio.saputra@gmail.com', 'Video bocah melakukan hubungan intim layaknya suami istri membuat geger. Guna mencegah hal-hal yang tidak diinginkan, polisi pun sudah melakukan penelusuran siapa orang di balik pembuatan video cabul tersebut. Perubahan UUD 1945 yang membawa perubahan mendasar mengenai penyelengaraan kekuasaan kehakiman.								', '2014-11-21', '00:00:00'),
(4, 1, 'Anggun Pratiwi', 'angun@gmail.com', 'itu benar bro, kalau ndak pacayo tanyo lah ka baruak.Video bocah melakukan hubungan intim layaknya suami istri membuat geger. Guna mencegah hal-hal yang tidak diinginkan, polisi pun sudah melakukan penelusuran siapa orang di balik pembuatan video cabul tersebut.', '2014-11-21', '00:00:00'),
(5, 3, 'Dewi Safitri', 'dewi.safitri@gmail.com', 'Oii, ang kareh bana mah, den ambuang ang ka lauik beko,.. Video bocah melakukan hubungan intim layaknya suami istri membuat geger. Guna mencegah hal-hal yang tidak diinginkan, polisi pun sudah melakukan penelusuran siapa orang di balik pembuatan video cabul tersebut.', '2014-11-21', '00:00:00'),
(6, 0, 'Ahmad Hunaldi', 'ahmad@gmail.com', 'badan-badan peradilan penyelenggara kekuasaan kehakiman, asas-asas penyelengaraan kekuasaan kehakiman Video bocah melakukan hubungan intim layaknya suami istri membuat geger. Guna mencegah hal-hal yang tidak diinginkan, polisi pun sudah melakukan penelusuran siapa orang di balik pembuatan video cabul tersebut.								', '2014-11-21', '00:00:00'),
(7, 6, 'Prasmana Enru', 'prasmana@gmail.com', 'Undang-Undang Ketentuan-ketentuan Pokok Kekuasaan	Video bocah melakukan hubungan intim layaknya suami istri membuat geger. Guna mencegah hal-hal yang tidak diinginkan, polisi pun sudah melakukan penelusuran siapa orang di balik pembuatan video cabul tersebut.', '2014-11-21', '00:00:00'),
(9, 3, 'Robby Prihandaya', 'robby.prihandaya@gmail.com', 'Untuk itulah penulis memberikan solusi menggunakan program Dreamweaver,.. Video bocah melakukan hubungan intim layaknya suami istri membuat geger. Guna mencegah hal-hal yang tidak diinginkan, polisi pun sudah melakukan penelusuran siapa orang di balik pembuatan video cabul tersebut.', '2015-01-22', '00:00:00'),
(14, 0, 'Udin Sedunia', 'udin.sedubia@gmail.com', 'Perlahan tapi pasti, sosok TM yang merupakan artis dan berprofesi sebagai Pekerja Seks Komersial (PSK) akhirnya mulai terungkap Video bocah melakukan hubungan intim layaknya suami istri membuat geger. Guna mencegah hal-hal yang tidak diinginkan, polisi pun sudah melakukan penelusuran siapa orang di balik pembuatan video cabul tersebut.', '2015-05-29', '00:54:31'),
(15, 6, 'Robby Prihandaya', 'robby.prihandaya@gmail.com', 'Perlahan tapi pasti, sosok TM yang merupakan artis dan berprofesi sebagai Pekerja Seks Komersial (PSK) akhirnya mulai terungkap Video bocah melakukan hubungan intim layaknya suami istri membuat geger. Guna mencegah hal-hal yang tidak diinginkan, polisi pun sudah melakukan penelusuran siapa orang di balik pembuatan video cabul tersebut.', '2015-05-29', '00:59:50'),
(23, 20, 'Robby Prihandaya', 'robby.prihandaya@gmail.com', 'I spent almost a day searching for this. And found &#039;CSS3 Thumbnail Slider&#039; on this site. Thanks a lot. If the slideIndex is higher than the number of elements (x.length), the slideIndex is set to zero.', '2017-01-24', '16:31:47'),
(24, 14, 'Robby Prihandaya', 'robby.prihandaya@gmail.com', 'Guna mencegah hal-hal yang tidak diinginkan, polisi pun sudah melakukan penelusuran siapa orang di balik pembuatan video cabul tersebut', '2017-04-09', '11:07:23');

-- --------------------------------------------------------

--
-- Table structure for table `templates`
--

CREATE TABLE `templates` (
  `id_templates` int(5) NOT NULL,
  `judul` varchar(100) COLLATE latin1_general_ci NOT NULL,
  `username` varchar(50) COLLATE latin1_general_ci NOT NULL,
  `pembuat` varchar(50) COLLATE latin1_general_ci NOT NULL,
  `folder` varchar(50) COLLATE latin1_general_ci NOT NULL,
  `aktif` enum('Y','N') COLLATE latin1_general_ci NOT NULL DEFAULT 'N'
) ENGINE=MyISAM DEFAULT CHARSET=latin1 COLLATE=latin1_general_ci;

--
-- Dumping data for table `templates`
--

INSERT INTO `templates` (`id_templates`, `judul`, `username`, `pembuat`, `folder`, `aktif`) VALUES
(22, 'PHPMU-Tigo - Swarakalibata Template', 'admin', 'Robby Prihandaya', 'phpmu-tigo', 'Y');

-- --------------------------------------------------------

--
-- Table structure for table `testimoni`
--

CREATE TABLE `testimoni` (
  `id_testimoni` int(11) NOT NULL,
  `id_penyewa` int(11) NOT NULL,
  `isi_testimoni` text NOT NULL,
  `aktif` enum('Y','N') NOT NULL,
  `waktu_testimoni` datetime NOT NULL
) ENGINE=MyISAM DEFAULT CHARSET=latin1;

--
-- Dumping data for table `testimoni`
--

INSERT INTO `testimoni` (`id_testimoni`, `id_penyewa`, `isi_testimoni`, `aktif`, `waktu_testimoni`) VALUES
(1, 1, 'Saya berusaha mencoba memaklumi mereka tentang kesan menjadi entrepreneur instan ini dengan menjadi seorang MLM-ers, dengan menanyakan penyebab bisa memunculkan kesan instan tersebut. Mereka memberikan jawaban beragam berkaitan dengan proses instan seorang entrepreneur ini. ', 'Y', '2016-09-11 03:25:21'),
(2, 3, '<p>Menjadi seorang sukses dengan cara instan memang impian banyak orang dan saya yakin anda pun akan menyetujuinya. Namun, kembali lagi kepada diri anda sendiri apakah anda benar-benar memahami makna menjadi seorang entrepreneur sesungguhnya atau hanya memaknai seperti halnya membuat mie instan.</p>\n', 'Y', '2016-09-12 07:09:16'),
(5, 6, '<p>Saya berusaha mencoba memaklumi mereka tentang kesan menjadi entrepreneur instan ini dengan menjadi seorang MLM-ers, dengan menanyakan penyebab bisa memunculkan kesan instan tersebut. Mereka memberikan jawaban beragam berkaitan dengan proses instan seorang entrepreneur inii.</p>\r\n', 'Y', '2016-09-14 14:11:36'),
(9, 1, 'asdasdasd', 'N', '2020-06-23 10:18:03');

-- --------------------------------------------------------

--
-- Table structure for table `users`
--

CREATE TABLE `users` (
  `username` varchar(50) CHARACTER SET latin1 COLLATE latin1_general_ci NOT NULL,
  `password` varchar(255) CHARACTER SET latin1 COLLATE latin1_general_ci NOT NULL,
  `nama_lengkap` varchar(100) CHARACTER SET latin1 COLLATE latin1_general_ci NOT NULL,
  `email` varchar(100) CHARACTER SET latin1 COLLATE latin1_general_ci NOT NULL,
  `no_telp` varchar(20) CHARACTER SET latin1 COLLATE latin1_general_ci NOT NULL,
  `foto` varchar(100) CHARACTER SET latin1 COLLATE latin1_general_ci NOT NULL,
  `level` varchar(20) CHARACTER SET latin1 COLLATE latin1_general_ci NOT NULL DEFAULT 'user',
  `blokir` enum('Y','N') CHARACTER SET latin1 COLLATE latin1_general_ci NOT NULL DEFAULT 'N',
  `id_session` varchar(255) NOT NULL
) ENGINE=MyISAM DEFAULT CHARSET=latin1;

--
-- Dumping data for table `users`
--

INSERT INTO `users` (`username`, `password`, `nama_lengkap`, `email`, `no_telp`, `foto`, `level`, `blokir`, `id_session`) VALUES
('admin', 'bff0cc42103de1b4721370e84dc24f635a7afeca41198c9b3e03946a1b6b7191d14356408a5e57ce6daf77e6e800c66fac7ab0482d57d48d23e6808e4b562daa', 'Administrator', 'siskost@gmail.com', '085235776365', 'siskost1.png', 'admin', 'N', 'q173s8hs1jl04st35169ccl8o7');

-- --------------------------------------------------------

--
-- Table structure for table `users_modul`
--

CREATE TABLE `users_modul` (
  `id_umod` int(11) NOT NULL,
  `id_session` varchar(255) NOT NULL,
  `id_modul` int(11) NOT NULL
) ENGINE=MyISAM DEFAULT CHARSET=latin1;

--
-- Dumping data for table `users_modul`
--

INSERT INTO `users_modul` (`id_umod`, `id_session`, `id_modul`) VALUES
(1, 'ed1d859c50262701d92e5cbf39652792-20170120090507', 70),
(2, 'ed1d859c50262701d92e5cbf39652792-20170120090507', 65),
(3, 'ed1d859c50262701d92e5cbf39652792-20170120090507', 63),
(4, 'f76ad5ee772ac196cbc09824e24859ee', 70),
(5, 'f76ad5ee772ac196cbc09824e24859ee', 65),
(6, 'f76ad5ee772ac196cbc09824e24859ee', 63),
(7, 'ed1d859c50262701d92e5cbf39652792-20170120090507', 18),
(8, 'ed1d859c50262701d92e5cbf39652792-20170120090507', 66),
(9, 'ed1d859c50262701d92e5cbf39652792-20170120090507', 33),
(10, '3460d81e02faa3559f9e02c9a766fcbd-20170124215625', 18),
(11, 'ed1d859c50262701d92e5cbf39652792-20170120090507', 41),
(12, '6bec9c852847242e384a4d5ac0962ba0-20170406140423', 18),
(13, 'fa7688658d8b38aae731826ea1daebb5-20170521103501', 18),
(14, 'cfcd208495d565ef66e7dff9f98764da-20180421112213', 18),
(15, '8462a1a67fbed2bef22d490d88e35944-20200619140142', 18);

-- --------------------------------------------------------

--
-- Table structure for table `video`
--

CREATE TABLE `video` (
  `id_video` int(5) NOT NULL,
  `id_playlist` int(5) NOT NULL,
  `username` varchar(30) COLLATE latin1_general_ci NOT NULL,
  `jdl_video` varchar(100) COLLATE latin1_general_ci NOT NULL,
  `video_seo` varchar(100) COLLATE latin1_general_ci NOT NULL,
  `keterangan` text COLLATE latin1_general_ci NOT NULL,
  `gbr_video` varchar(100) COLLATE latin1_general_ci NOT NULL,
  `video` varchar(100) COLLATE latin1_general_ci NOT NULL,
  `youtube` varchar(100) COLLATE latin1_general_ci NOT NULL,
  `dilihat` int(7) NOT NULL DEFAULT 1,
  `hari` varchar(20) COLLATE latin1_general_ci NOT NULL,
  `tanggal` date NOT NULL,
  `jam` time NOT NULL,
  `tagvid` varchar(100) COLLATE latin1_general_ci NOT NULL
) ENGINE=MyISAM DEFAULT CHARSET=latin1 COLLATE=latin1_general_ci;

--
-- Indexes for dumped tables
--

--
-- Indexes for table `agenda`
--
ALTER TABLE `agenda`
  ADD PRIMARY KEY (`id_agenda`);

--
-- Indexes for table `album`
--
ALTER TABLE `album`
  ADD PRIMARY KEY (`id_album`);

--
-- Indexes for table `background`
--
ALTER TABLE `background`
  ADD PRIMARY KEY (`id_background`);

--
-- Indexes for table `banner`
--
ALTER TABLE `banner`
  ADD PRIMARY KEY (`id_banner`);

--
-- Indexes for table `berita`
--
ALTER TABLE `berita`
  ADD PRIMARY KEY (`id_berita`);

--
-- Indexes for table `download`
--
ALTER TABLE `download`
  ADD PRIMARY KEY (`id_download`);

--
-- Indexes for table `gallery`
--
ALTER TABLE `gallery`
  ADD PRIMARY KEY (`id_gallery`);

--
-- Indexes for table `halamanstatis`
--
ALTER TABLE `halamanstatis`
  ADD PRIMARY KEY (`id_halaman`);

--
-- Indexes for table `header`
--
ALTER TABLE `header`
  ADD PRIMARY KEY (`id_header`);

--
-- Indexes for table `hubungi`
--
ALTER TABLE `hubungi`
  ADD PRIMARY KEY (`id_hubungi`);

--
-- Indexes for table `identitas`
--
ALTER TABLE `identitas`
  ADD PRIMARY KEY (`id_identitas`);

--
-- Indexes for table `iklanatas`
--
ALTER TABLE `iklanatas`
  ADD PRIMARY KEY (`id_iklanatas`);

--
-- Indexes for table `iklantengah`
--
ALTER TABLE `iklantengah`
  ADD PRIMARY KEY (`id_iklantengah`);

--
-- Indexes for table `katajelek`
--
ALTER TABLE `katajelek`
  ADD PRIMARY KEY (`id_jelek`);

--
-- Indexes for table `kategori`
--
ALTER TABLE `kategori`
  ADD PRIMARY KEY (`id_kategori`);

--
-- Indexes for table `komentar`
--
ALTER TABLE `komentar`
  ADD PRIMARY KEY (`id_komentar`);

--
-- Indexes for table `komentarvid`
--
ALTER TABLE `komentarvid`
  ADD PRIMARY KEY (`id_komentar`);

--
-- Indexes for table `kost`
--
ALTER TABLE `kost`
  ADD PRIMARY KEY (`id_kost`);

--
-- Indexes for table `kost_diskon`
--
ALTER TABLE `kost_diskon`
  ADD PRIMARY KEY (`id_produk_diskon`);

--
-- Indexes for table `logo`
--
ALTER TABLE `logo`
  ADD PRIMARY KEY (`id_logo`);

--
-- Indexes for table `menu`
--
ALTER TABLE `menu`
  ADD PRIMARY KEY (`id_menu`);

--
-- Indexes for table `modul`
--
ALTER TABLE `modul`
  ADD PRIMARY KEY (`id_modul`);

--
-- Indexes for table `mod_alamat`
--
ALTER TABLE `mod_alamat`
  ADD PRIMARY KEY (`id_alamat`);

--
-- Indexes for table `mod_ym`
--
ALTER TABLE `mod_ym`
  ADD PRIMARY KEY (`id`);

--
-- Indexes for table `pasangiklan`
--
ALTER TABLE `pasangiklan`
  ADD PRIMARY KEY (`id_pasangiklan`);

--
-- Indexes for table `pemilik`
--
ALTER TABLE `pemilik`
  ADD PRIMARY KEY (`id_pemilik`);

--
-- Indexes for table `penyewa`
--
ALTER TABLE `penyewa`
  ADD PRIMARY KEY (`id_penyewa`);

--
-- Indexes for table `playlist`
--
ALTER TABLE `playlist`
  ADD PRIMARY KEY (`id_playlist`);

--
-- Indexes for table `poling`
--
ALTER TABLE `poling`
  ADD PRIMARY KEY (`id_poling`);

--
-- Indexes for table `rb_bonus`
--
ALTER TABLE `rb_bonus`
  ADD PRIMARY KEY (`id_bonus`);

--
-- Indexes for table `rb_kategori_produk`
--
ALTER TABLE `rb_kategori_produk`
  ADD PRIMARY KEY (`id_kategori_produk`);

--
-- Indexes for table `rb_kategori_produk_sub`
--
ALTER TABLE `rb_kategori_produk_sub`
  ADD PRIMARY KEY (`id_kategori_produk_sub`);

--
-- Indexes for table `rb_keterangan`
--
ALTER TABLE `rb_keterangan`
  ADD PRIMARY KEY (`id_keterangan`);

--
-- Indexes for table `rb_konfirmasi_pembayaran`
--
ALTER TABLE `rb_konfirmasi_pembayaran`
  ADD PRIMARY KEY (`id_konfirmasi_pembayaran`);

--
-- Indexes for table `rb_konfirmasi_pembayaran_konsumen`
--
ALTER TABLE `rb_konfirmasi_pembayaran_konsumen`
  ADD PRIMARY KEY (`id_konfirmasi_pembayaran`);

--
-- Indexes for table `rb_kota`
--
ALTER TABLE `rb_kota`
  ADD PRIMARY KEY (`kota_id`);

--
-- Indexes for table `rb_pembayaran_bonus`
--
ALTER TABLE `rb_pembayaran_bonus`
  ADD PRIMARY KEY (`id_pembayaran_bonus`);

--
-- Indexes for table `rb_pembelian`
--
ALTER TABLE `rb_pembelian`
  ADD PRIMARY KEY (`id_pembelian`);

--
-- Indexes for table `rb_pembelian_detail`
--
ALTER TABLE `rb_pembelian_detail`
  ADD PRIMARY KEY (`id_pembelian_detail`);

--
-- Indexes for table `rb_pencairan_bonus`
--
ALTER TABLE `rb_pencairan_bonus`
  ADD PRIMARY KEY (`id_pencairan_bonus`);

--
-- Indexes for table `rb_pencairan_reward`
--
ALTER TABLE `rb_pencairan_reward`
  ADD PRIMARY KEY (`id_pencairan_reward`);

--
-- Indexes for table `rb_penjualan`
--
ALTER TABLE `rb_penjualan`
  ADD PRIMARY KEY (`id_penjualan`);

--
-- Indexes for table `rb_penjualan_detail`
--
ALTER TABLE `rb_penjualan_detail`
  ADD PRIMARY KEY (`id_penjualan_detail`);

--
-- Indexes for table `rb_penjualan_temp`
--
ALTER TABLE `rb_penjualan_temp`
  ADD PRIMARY KEY (`id_penjualan_detail`);

--
-- Indexes for table `rb_provinsi`
--
ALTER TABLE `rb_provinsi`
  ADD PRIMARY KEY (`provinsi_id`);

--
-- Indexes for table `rb_rekening`
--
ALTER TABLE `rb_rekening`
  ADD PRIMARY KEY (`id_rekening`);

--
-- Indexes for table `rb_rekening_reseller`
--
ALTER TABLE `rb_rekening_reseller`
  ADD PRIMARY KEY (`id_rekening_reseller`);

--
-- Indexes for table `rb_reseller_cod`
--
ALTER TABLE `rb_reseller_cod`
  ADD PRIMARY KEY (`id_cod`);

--
-- Indexes for table `rb_reward`
--
ALTER TABLE `rb_reward`
  ADD PRIMARY KEY (`id_reward`);

--
-- Indexes for table `rb_setting`
--
ALTER TABLE `rb_setting`
  ADD PRIMARY KEY (`id_setting`);

--
-- Indexes for table `rb_supplier`
--
ALTER TABLE `rb_supplier`
  ADD PRIMARY KEY (`id_supplier`);

--
-- Indexes for table `sekilasinfo`
--
ALTER TABLE `sekilasinfo`
  ADD PRIMARY KEY (`id_sekilas`);

--
-- Indexes for table `tag`
--
ALTER TABLE `tag`
  ADD PRIMARY KEY (`id_tag`);

--
-- Indexes for table `tagvid`
--
ALTER TABLE `tagvid`
  ADD PRIMARY KEY (`id_tag`);

--
-- Indexes for table `tbl_comment`
--
ALTER TABLE `tbl_comment`
  ADD PRIMARY KEY (`id_komentar`);

--
-- Indexes for table `templates`
--
ALTER TABLE `templates`
  ADD PRIMARY KEY (`id_templates`);

--
-- Indexes for table `testimoni`
--
ALTER TABLE `testimoni`
  ADD PRIMARY KEY (`id_testimoni`);

--
-- Indexes for table `users`
--
ALTER TABLE `users`
  ADD PRIMARY KEY (`username`);

--
-- Indexes for table `users_modul`
--
ALTER TABLE `users_modul`
  ADD PRIMARY KEY (`id_umod`);

--
-- Indexes for table `video`
--
ALTER TABLE `video`
  ADD PRIMARY KEY (`id_video`);

--
-- AUTO_INCREMENT for dumped tables
--

--
-- AUTO_INCREMENT for table `agenda`
--
ALTER TABLE `agenda`
  MODIFY `id_agenda` int(5) NOT NULL AUTO_INCREMENT, AUTO_INCREMENT=65;

--
-- AUTO_INCREMENT for table `album`
--
ALTER TABLE `album`
  MODIFY `id_album` int(5) NOT NULL AUTO_INCREMENT, AUTO_INCREMENT=52;

--
-- AUTO_INCREMENT for table `background`
--
ALTER TABLE `background`
  MODIFY `id_background` int(5) NOT NULL AUTO_INCREMENT, AUTO_INCREMENT=2;

--
-- AUTO_INCREMENT for table `banner`
--
ALTER TABLE `banner`
  MODIFY `id_banner` int(5) NOT NULL AUTO_INCREMENT, AUTO_INCREMENT=24;

--
-- AUTO_INCREMENT for table `berita`
--
ALTER TABLE `berita`
  MODIFY `id_berita` int(5) NOT NULL AUTO_INCREMENT, AUTO_INCREMENT=686;

--
-- AUTO_INCREMENT for table `download`
--
ALTER TABLE `download`
  MODIFY `id_download` int(5) NOT NULL AUTO_INCREMENT, AUTO_INCREMENT=28;

--
-- AUTO_INCREMENT for table `gallery`
--
ALTER TABLE `gallery`
  MODIFY `id_gallery` int(5) NOT NULL AUTO_INCREMENT, AUTO_INCREMENT=255;

--
-- AUTO_INCREMENT for table `halamanstatis`
--
ALTER TABLE `halamanstatis`
  MODIFY `id_halaman` int(5) NOT NULL AUTO_INCREMENT, AUTO_INCREMENT=49;

--
-- AUTO_INCREMENT for table `header`
--
ALTER TABLE `header`
  MODIFY `id_header` int(5) NOT NULL AUTO_INCREMENT, AUTO_INCREMENT=34;

--
-- AUTO_INCREMENT for table `hubungi`
--
ALTER TABLE `hubungi`
  MODIFY `id_hubungi` int(5) NOT NULL AUTO_INCREMENT, AUTO_INCREMENT=42;

--
-- AUTO_INCREMENT for table `identitas`
--
ALTER TABLE `identitas`
  MODIFY `id_identitas` int(5) NOT NULL AUTO_INCREMENT, AUTO_INCREMENT=2;

--
-- AUTO_INCREMENT for table `iklanatas`
--
ALTER TABLE `iklanatas`
  MODIFY `id_iklanatas` int(5) NOT NULL AUTO_INCREMENT, AUTO_INCREMENT=56;

--
-- AUTO_INCREMENT for table `iklantengah`
--
ALTER TABLE `iklantengah`
  MODIFY `id_iklantengah` int(5) NOT NULL AUTO_INCREMENT, AUTO_INCREMENT=10;

--
-- AUTO_INCREMENT for table `katajelek`
--
ALTER TABLE `katajelek`
  MODIFY `id_jelek` int(11) NOT NULL AUTO_INCREMENT, AUTO_INCREMENT=7;

--
-- AUTO_INCREMENT for table `kategori`
--
ALTER TABLE `kategori`
  MODIFY `id_kategori` int(5) NOT NULL AUTO_INCREMENT, AUTO_INCREMENT=55;

--
-- AUTO_INCREMENT for table `komentar`
--
ALTER TABLE `komentar`
  MODIFY `id_komentar` int(5) NOT NULL AUTO_INCREMENT, AUTO_INCREMENT=165;

--
-- AUTO_INCREMENT for table `komentarvid`
--
ALTER TABLE `komentarvid`
  MODIFY `id_komentar` int(5) NOT NULL AUTO_INCREMENT, AUTO_INCREMENT=114;

--
-- AUTO_INCREMENT for table `kost`
--
ALTER TABLE `kost`
  MODIFY `id_kost` int(11) NOT NULL AUTO_INCREMENT, AUTO_INCREMENT=35;

--
-- AUTO_INCREMENT for table `kost_diskon`
--
ALTER TABLE `kost_diskon`
  MODIFY `id_produk_diskon` int(11) NOT NULL AUTO_INCREMENT, AUTO_INCREMENT=22;

--
-- AUTO_INCREMENT for table `logo`
--
ALTER TABLE `logo`
  MODIFY `id_logo` int(5) NOT NULL AUTO_INCREMENT, AUTO_INCREMENT=16;

--
-- AUTO_INCREMENT for table `menu`
--
ALTER TABLE `menu`
  MODIFY `id_menu` int(5) NOT NULL AUTO_INCREMENT, AUTO_INCREMENT=157;

--
-- AUTO_INCREMENT for table `modul`
--
ALTER TABLE `modul`
  MODIFY `id_modul` int(5) NOT NULL AUTO_INCREMENT, AUTO_INCREMENT=76;

--
-- AUTO_INCREMENT for table `mod_alamat`
--
ALTER TABLE `mod_alamat`
  MODIFY `id_alamat` int(5) NOT NULL AUTO_INCREMENT, AUTO_INCREMENT=2;

--
-- AUTO_INCREMENT for table `mod_ym`
--
ALTER TABLE `mod_ym`
  MODIFY `id` int(11) NOT NULL AUTO_INCREMENT;

--
-- AUTO_INCREMENT for table `pasangiklan`
--
ALTER TABLE `pasangiklan`
  MODIFY `id_pasangiklan` int(5) NOT NULL AUTO_INCREMENT, AUTO_INCREMENT=3;

--
-- AUTO_INCREMENT for table `pemilik`
--
ALTER TABLE `pemilik`
  MODIFY `id_pemilik` int(11) NOT NULL AUTO_INCREMENT, AUTO_INCREMENT=11;

--
-- AUTO_INCREMENT for table `penyewa`
--
ALTER TABLE `penyewa`
  MODIFY `id_penyewa` int(11) NOT NULL AUTO_INCREMENT, AUTO_INCREMENT=31;

--
-- AUTO_INCREMENT for table `playlist`
--
ALTER TABLE `playlist`
  MODIFY `id_playlist` int(5) NOT NULL AUTO_INCREMENT, AUTO_INCREMENT=62;

--
-- AUTO_INCREMENT for table `poling`
--
ALTER TABLE `poling`
  MODIFY `id_poling` int(5) NOT NULL AUTO_INCREMENT, AUTO_INCREMENT=36;

--
-- AUTO_INCREMENT for table `rb_bonus`
--
ALTER TABLE `rb_bonus`
  MODIFY `id_bonus` int(11) NOT NULL AUTO_INCREMENT, AUTO_INCREMENT=9;

--
-- AUTO_INCREMENT for table `rb_kategori_produk`
--
ALTER TABLE `rb_kategori_produk`
  MODIFY `id_kategori_produk` int(11) NOT NULL AUTO_INCREMENT, AUTO_INCREMENT=15;

--
-- AUTO_INCREMENT for table `rb_kategori_produk_sub`
--
ALTER TABLE `rb_kategori_produk_sub`
  MODIFY `id_kategori_produk_sub` int(11) NOT NULL AUTO_INCREMENT, AUTO_INCREMENT=5;

--
-- AUTO_INCREMENT for table `rb_keterangan`
--
ALTER TABLE `rb_keterangan`
  MODIFY `id_keterangan` int(5) NOT NULL AUTO_INCREMENT, AUTO_INCREMENT=4;

--
-- AUTO_INCREMENT for table `rb_konfirmasi_pembayaran`
--
ALTER TABLE `rb_konfirmasi_pembayaran`
  MODIFY `id_konfirmasi_pembayaran` int(11) NOT NULL AUTO_INCREMENT, AUTO_INCREMENT=6;

--
-- AUTO_INCREMENT for table `rb_konfirmasi_pembayaran_konsumen`
--
ALTER TABLE `rb_konfirmasi_pembayaran_konsumen`
  MODIFY `id_konfirmasi_pembayaran` int(11) NOT NULL AUTO_INCREMENT, AUTO_INCREMENT=23;

--
-- AUTO_INCREMENT for table `rb_kota`
--
ALTER TABLE `rb_kota`
  MODIFY `kota_id` int(11) NOT NULL AUTO_INCREMENT, AUTO_INCREMENT=502;

--
-- AUTO_INCREMENT for table `rb_pembayaran_bonus`
--
ALTER TABLE `rb_pembayaran_bonus`
  MODIFY `id_pembayaran_bonus` int(10) NOT NULL AUTO_INCREMENT, AUTO_INCREMENT=3;

--
-- AUTO_INCREMENT for table `rb_pembelian`
--
ALTER TABLE `rb_pembelian`
  MODIFY `id_pembelian` int(11) NOT NULL AUTO_INCREMENT, AUTO_INCREMENT=10;

--
-- AUTO_INCREMENT for table `rb_pembelian_detail`
--
ALTER TABLE `rb_pembelian_detail`
  MODIFY `id_pembelian_detail` int(11) NOT NULL AUTO_INCREMENT, AUTO_INCREMENT=28;

--
-- AUTO_INCREMENT for table `rb_pencairan_bonus`
--
ALTER TABLE `rb_pencairan_bonus`
  MODIFY `id_pencairan_bonus` int(11) NOT NULL AUTO_INCREMENT, AUTO_INCREMENT=5;

--
-- AUTO_INCREMENT for table `rb_pencairan_reward`
--
ALTER TABLE `rb_pencairan_reward`
  MODIFY `id_pencairan_reward` int(11) NOT NULL AUTO_INCREMENT, AUTO_INCREMENT=6;

--
-- AUTO_INCREMENT for table `rb_penjualan`
--
ALTER TABLE `rb_penjualan`
  MODIFY `id_penjualan` int(11) NOT NULL AUTO_INCREMENT, AUTO_INCREMENT=152;

--
-- AUTO_INCREMENT for table `rb_penjualan_detail`
--
ALTER TABLE `rb_penjualan_detail`
  MODIFY `id_penjualan_detail` int(11) NOT NULL AUTO_INCREMENT, AUTO_INCREMENT=224;

--
-- AUTO_INCREMENT for table `rb_penjualan_temp`
--
ALTER TABLE `rb_penjualan_temp`
  MODIFY `id_penjualan_detail` int(11) NOT NULL AUTO_INCREMENT, AUTO_INCREMENT=60;

--
-- AUTO_INCREMENT for table `rb_provinsi`
--
ALTER TABLE `rb_provinsi`
  MODIFY `provinsi_id` int(11) NOT NULL AUTO_INCREMENT, AUTO_INCREMENT=35;

--
-- AUTO_INCREMENT for table `rb_rekening`
--
ALTER TABLE `rb_rekening`
  MODIFY `id_rekening` int(5) NOT NULL AUTO_INCREMENT, AUTO_INCREMENT=3;

--
-- AUTO_INCREMENT for table `rb_rekening_reseller`
--
ALTER TABLE `rb_rekening_reseller`
  MODIFY `id_rekening_reseller` int(11) NOT NULL AUTO_INCREMENT, AUTO_INCREMENT=5;

--
-- AUTO_INCREMENT for table `rb_reseller_cod`
--
ALTER TABLE `rb_reseller_cod`
  MODIFY `id_cod` int(11) NOT NULL AUTO_INCREMENT, AUTO_INCREMENT=7;

--
-- AUTO_INCREMENT for table `rb_reward`
--
ALTER TABLE `rb_reward`
  MODIFY `id_reward` int(5) NOT NULL AUTO_INCREMENT, AUTO_INCREMENT=8;

--
-- AUTO_INCREMENT for table `rb_setting`
--
ALTER TABLE `rb_setting`
  MODIFY `id_setting` int(11) NOT NULL AUTO_INCREMENT, AUTO_INCREMENT=2;

--
-- AUTO_INCREMENT for table `rb_supplier`
--
ALTER TABLE `rb_supplier`
  MODIFY `id_supplier` int(11) NOT NULL AUTO_INCREMENT, AUTO_INCREMENT=4;

--
-- AUTO_INCREMENT for table `sekilasinfo`
--
ALTER TABLE `sekilasinfo`
  MODIFY `id_sekilas` int(5) NOT NULL AUTO_INCREMENT, AUTO_INCREMENT=5;

--
-- AUTO_INCREMENT for table `tag`
--
ALTER TABLE `tag`
  MODIFY `id_tag` int(5) NOT NULL AUTO_INCREMENT, AUTO_INCREMENT=52;

--
-- AUTO_INCREMENT for table `tagvid`
--
ALTER TABLE `tagvid`
  MODIFY `id_tag` int(5) NOT NULL AUTO_INCREMENT, AUTO_INCREMENT=37;

--
-- AUTO_INCREMENT for table `tbl_comment`
--
ALTER TABLE `tbl_comment`
  MODIFY `id_komentar` int(5) NOT NULL AUTO_INCREMENT, AUTO_INCREMENT=25;

--
-- AUTO_INCREMENT for table `templates`
--
ALTER TABLE `templates`
  MODIFY `id_templates` int(5) NOT NULL AUTO_INCREMENT, AUTO_INCREMENT=23;

--
-- AUTO_INCREMENT for table `testimoni`
--
ALTER TABLE `testimoni`
  MODIFY `id_testimoni` int(11) NOT NULL AUTO_INCREMENT, AUTO_INCREMENT=10;

--
-- AUTO_INCREMENT for table `users_modul`
--
ALTER TABLE `users_modul`
  MODIFY `id_umod` int(11) NOT NULL AUTO_INCREMENT, AUTO_INCREMENT=16;

--
-- AUTO_INCREMENT for table `video`
--
ALTER TABLE `video`
  MODIFY `id_video` int(5) NOT NULL AUTO_INCREMENT, AUTO_INCREMENT=167;
COMMIT;

/*!40101 SET CHARACTER_SET_CLIENT=@OLD_CHARACTER_SET_CLIENT */;
/*!40101 SET CHARACTER_SET_RESULTS=@OLD_CHARACTER_SET_RESULTS */;
/*!40101 SET COLLATION_CONNECTION=@OLD_COLLATION_CONNECTION */;
